ISO-10303-21;
HEADER;
/* Generated by software containing ST-Developer
 * from STEP Tools, Inc. (www.steptools.com) 
 */
/* OPTION: using custom renumber hook */

FILE_DESCRIPTION(
/* description */ ('STEP AP242 Edition 2',
'CAx-IF Rec.Pracs.---Representation and Presentation of Product Manufa
cturing Information (PMI)---4.0---2014-10-13',
'CAx-IF Rec.Pracs.---3D Tessellated Geometry---0.4---2014-09-14','2;1',
'CAx-IF Rec.Pracs.---User Defined Attributes---1.5---2016-08-15'),
/* implementation_level */ '2;1');

FILE_NAME(
/* name */ 'Case - Body',
/* time_stamp */ '2026-09-17T11:05:45Z',
/* author */ (''),
/* organization */ (''),
/* preprocessor_version */ 'ST-DEVELOPER v20',
/* originating_system */ 'ONSHAPE BY PTC INC, 1.220',
/* authorisation */ '  ');

FILE_SCHEMA (('AP242_MANAGED_MODEL_BASED_3D_ENGINEERING_MIM_LF { 1 0 10303 442 3 1 4 }'));
ENDSEC;

DATA;
#10=SHAPE_REPRESENTATION_RELATIONSHIP('','',#1683,#11);
#11=ADVANCED_BREP_SHAPE_REPRESENTATION('',(#1681),#2897);
#12=CYLINDRICAL_SURFACE('',#1750,0.00110000000000002);
#13=CYLINDRICAL_SURFACE('',#1752,0.000599999999999964);
#14=CYLINDRICAL_SURFACE('',#1754,0.00109999999999988);
#15=CYLINDRICAL_SURFACE('',#1756,0.0006);
#16=CYLINDRICAL_SURFACE('',#1758,0.0011);
#17=CYLINDRICAL_SURFACE('',#1760,0.0006);
#18=CYLINDRICAL_SURFACE('',#1762,0.00109999999999988);
#19=CYLINDRICAL_SURFACE('',#1764,0.0006);
#20=CYLINDRICAL_SURFACE('',#1766,0.00109999999999989);
#21=CYLINDRICAL_SURFACE('',#1768,0.0006);
#22=CYLINDRICAL_SURFACE('',#1770,0.00109999999999988);
#23=CYLINDRICAL_SURFACE('',#1772,0.000599999999999964);
#24=CYLINDRICAL_SURFACE('',#1774,0.00110000000000002);
#25=CYLINDRICAL_SURFACE('',#1776,0.0006);
#26=CYLINDRICAL_SURFACE('',#1778,0.00109999999999989);
#27=CYLINDRICAL_SURFACE('',#1780,0.0006);
#28=CYLINDRICAL_SURFACE('',#1782,0.00109999999999988);
#29=CYLINDRICAL_SURFACE('',#1784,0.0006);
#30=CYLINDRICAL_SURFACE('',#1786,0.0011);
#31=CYLINDRICAL_SURFACE('',#1788,0.0006);
#32=CYLINDRICAL_SURFACE('',#1792,0.00110000000000001);
#33=CYLINDRICAL_SURFACE('',#1794,0.0006);
#34=CYLINDRICAL_SURFACE('',#1796,0.0011);
#35=CYLINDRICAL_SURFACE('',#1798,0.0006);
#36=CYLINDRICAL_SURFACE('',#1800,0.0011);
#37=CYLINDRICAL_SURFACE('',#1802,0.0006);
#38=CYLINDRICAL_SURFACE('',#1804,0.0011);
#39=CYLINDRICAL_SURFACE('',#1806,0.0006);
#40=CYLINDRICAL_SURFACE('',#1808,0.0011);
#41=CYLINDRICAL_SURFACE('',#1811,0.0006);
#42=CYLINDRICAL_SURFACE('',#1823,0.0006);
#43=CYLINDRICAL_SURFACE('',#1825,0.0011);
#44=CYLINDRICAL_SURFACE('',#1827,0.0006);
#45=CYLINDRICAL_SURFACE('',#1829,0.0011);
#46=CYLINDRICAL_SURFACE('',#1831,0.0006);
#47=CYLINDRICAL_SURFACE('',#1833,0.0011);
#48=CYLINDRICAL_SURFACE('',#1835,0.0006);
#49=CYLINDRICAL_SURFACE('',#1837,0.0011);
#50=CYLINDRICAL_SURFACE('',#1838,0.0006);
#51=CYLINDRICAL_SURFACE('',#1839,0.0011);
#52=CYLINDRICAL_SURFACE('',#1840,0.0006);
#53=CYLINDRICAL_SURFACE('',#1841,0.0011);
#54=CYLINDRICAL_SURFACE('',#1842,0.0006);
#55=CYLINDRICAL_SURFACE('',#1843,0.0011);
#56=CYLINDRICAL_SURFACE('',#1844,0.0011);
#57=CYLINDRICAL_SURFACE('',#1846,0.0006);
#58=CYLINDRICAL_SURFACE('',#1849,0.0006);
#59=CYLINDRICAL_SURFACE('',#1850,0.0011);
#60=CYLINDRICAL_SURFACE('',#1851,0.0011);
#61=CYLINDRICAL_SURFACE('',#1853,0.0006);
#62=CYLINDRICAL_SURFACE('',#1873,0.003);
#63=LINE('',#2423,#207);
#64=LINE('',#2426,#208);
#65=LINE('',#2428,#209);
#66=LINE('',#2430,#210);
#67=LINE('',#2432,#211);
#68=LINE('',#2434,#212);
#69=LINE('',#2436,#213);
#70=LINE('',#2438,#214);
#71=LINE('',#2440,#215);
#72=LINE('',#2442,#216);
#73=LINE('',#2444,#217);
#74=LINE('',#2446,#218);
#75=LINE('',#2448,#219);
#76=LINE('',#2450,#220);
#77=LINE('',#2452,#221);
#78=LINE('',#2454,#222);
#79=LINE('',#2456,#223);
#80=LINE('',#2458,#224);
#81=LINE('',#2460,#225);
#82=LINE('',#2462,#226);
#83=LINE('',#2464,#227);
#84=LINE('',#2467,#228);
#85=LINE('',#2468,#229);
#86=LINE('',#2470,#230);
#87=LINE('',#2473,#231);
#88=LINE('',#2475,#232);
#89=LINE('',#2477,#233);
#90=LINE('',#2579,#234);
#91=LINE('',#2581,#235);
#92=LINE('',#2583,#236);
#93=LINE('',#2587,#237);
#94=LINE('',#2589,#238);
#95=LINE('',#2593,#239);
#96=LINE('',#2597,#240);
#97=LINE('',#2601,#241);
#98=LINE('',#2605,#242);
#99=LINE('',#2609,#243);
#100=LINE('',#2613,#244);
#101=LINE('',#2617,#245);
#102=LINE('',#2621,#246);
#103=LINE('',#2625,#247);
#104=LINE('',#2627,#248);
#105=LINE('',#2631,#249);
#106=LINE('',#2635,#250);
#107=LINE('',#2639,#251);
#108=LINE('',#2643,#252);
#109=LINE('',#2647,#253);
#110=LINE('',#2651,#254);
#111=LINE('',#2655,#255);
#112=LINE('',#2663,#256);
#113=LINE('',#2665,#257);
#114=LINE('',#2667,#258);
#115=LINE('',#2669,#259);
#116=LINE('',#2671,#260);
#117=LINE('',#2675,#261);
#118=LINE('',#2677,#262);
#119=LINE('',#2681,#263);
#120=LINE('',#2685,#264);
#121=LINE('',#2689,#265);
#122=LINE('',#2693,#266);
#123=LINE('',#2697,#267);
#124=LINE('',#2701,#268);
#125=LINE('',#2705,#269);
#126=LINE('',#2709,#270);
#127=LINE('',#2712,#271);
#128=LINE('',#2713,#272);
#129=LINE('',#2715,#273);
#130=LINE('',#2717,#274);
#131=LINE('',#2719,#275);
#132=LINE('',#2721,#276);
#133=LINE('',#2725,#277);
#134=LINE('',#2727,#278);
#135=LINE('',#2729,#279);
#136=LINE('',#2730,#280);
#137=LINE('',#2732,#281);
#138=LINE('',#2734,#282);
#139=LINE('',#2738,#283);
#140=LINE('',#2740,#284);
#141=LINE('',#2742,#285);
#142=LINE('',#2744,#286);
#143=LINE('',#2746,#287);
#144=LINE('',#2747,#288);
#145=LINE('',#2749,#289);
#146=LINE('',#2751,#290);
#147=LINE('',#2753,#291);
#148=LINE('',#2755,#292);
#149=LINE('',#2757,#293);
#150=LINE('',#2760,#294);
#151=LINE('',#2763,#295);
#152=LINE('',#2764,#296);
#153=LINE('',#2766,#297);
#154=LINE('',#2768,#298);
#155=LINE('',#2770,#299);
#156=LINE('',#2772,#300);
#157=LINE('',#2774,#301);
#158=LINE('',#2776,#302);
#159=LINE('',#2780,#303);
#160=LINE('',#2783,#304);
#161=LINE('',#2785,#305);
#162=LINE('',#2787,#306);
#163=LINE('',#2792,#307);
#164=LINE('',#2793,#308);
#165=LINE('',#2795,#309);
#166=LINE('',#2801,#310);
#167=LINE('',#2803,#311);
#168=LINE('',#2809,#312);
#169=LINE('',#2811,#313);
#170=LINE('',#2817,#314);
#171=LINE('',#2819,#315);
#172=LINE('',#2820,#316);
#173=LINE('',#2822,#317);
#174=LINE('',#2824,#318);
#175=LINE('',#2826,#319);
#176=LINE('',#2828,#320);
#177=LINE('',#2830,#321);
#178=LINE('',#2832,#322);
#179=LINE('',#2836,#323);
#180=LINE('',#2838,#324);
#181=LINE('',#2840,#325);
#182=LINE('',#2842,#326);
#183=LINE('',#2844,#327);
#184=LINE('',#2846,#328);
#185=LINE('',#2849,#329);
#186=LINE('',#2855,#330);
#187=LINE('',#2856,#331);
#188=LINE('',#2857,#332);
#189=LINE('',#2858,#333);
#190=LINE('',#2860,#334);
#191=LINE('',#2862,#335);
#192=LINE('',#2864,#336);
#193=LINE('',#2866,#337);
#194=LINE('',#2867,#338);
#195=LINE('',#2869,#339);
#196=LINE('',#2871,#340);
#197=LINE('',#2873,#341);
#198=LINE('',#2875,#342);
#199=LINE('',#2877,#343);
#200=LINE('',#2879,#344);
#201=LINE('',#2881,#345);
#202=LINE('',#2883,#346);
#203=LINE('',#2886,#347);
#204=LINE('',#2889,#348);
#205=LINE('',#2892,#349);
#206=LINE('',#2894,#350);
#207=VECTOR('',#1899,1.);
#208=VECTOR('',#1900,1.);
#209=VECTOR('',#1901,1.);
#210=VECTOR('',#1902,1.);
#211=VECTOR('',#1903,1.);
#212=VECTOR('',#1904,1.);
#213=VECTOR('',#1905,1.);
#214=VECTOR('',#1906,1.);
#215=VECTOR('',#1907,1.);
#216=VECTOR('',#1908,1.);
#217=VECTOR('',#1909,1.);
#218=VECTOR('',#1910,1.);
#219=VECTOR('',#1913,1.);
#220=VECTOR('',#1914,1.);
#221=VECTOR('',#1915,1.);
#222=VECTOR('',#1916,1.);
#223=VECTOR('',#1917,1.);
#224=VECTOR('',#1918,1.);
#225=VECTOR('',#1919,1.);
#226=VECTOR('',#1920,1.);
#227=VECTOR('',#1923,1.);
#228=VECTOR('',#1924,1.);
#229=VECTOR('',#1925,1.);
#230=VECTOR('',#1928,1.);
#231=VECTOR('',#1929,1.);
#232=VECTOR('',#1930,1.);
#233=VECTOR('',#1931,1.);
#234=VECTOR('',#2034,1.);
#235=VECTOR('',#2035,1.);
#236=VECTOR('',#2038,1.);
#237=VECTOR('',#2041,1.);
#238=VECTOR('',#2044,1.);
#239=VECTOR('',#2049,1.);
#240=VECTOR('',#2054,1.);
#241=VECTOR('',#2059,1.);
#242=VECTOR('',#2064,1.);
#243=VECTOR('',#2069,1.);
#244=VECTOR('',#2074,1.);
#245=VECTOR('',#2079,1.);
#246=VECTOR('',#2084,1.);
#247=VECTOR('',#2087,1.);
#248=VECTOR('',#2090,1.);
#249=VECTOR('',#2095,1.);
#250=VECTOR('',#2100,1.);
#251=VECTOR('',#2105,1.);
#252=VECTOR('',#2110,1.);
#253=VECTOR('',#2115,1.);
#254=VECTOR('',#2120,1.);
#255=VECTOR('',#2125,1.);
#256=VECTOR('',#2138,1.);
#257=VECTOR('',#2139,1.);
#258=VECTOR('',#2142,1.);
#259=VECTOR('',#2143,1.);
#260=VECTOR('',#2146,1.);
#261=VECTOR('',#2149,1.);
#262=VECTOR('',#2152,1.);
#263=VECTOR('',#2157,1.);
#264=VECTOR('',#2162,1.);
#265=VECTOR('',#2167,1.);
#266=VECTOR('',#2172,1.);
#267=VECTOR('',#2177,1.);
#268=VECTOR('',#2182,1.);
#269=VECTOR('',#2187,1.);
#270=VECTOR('',#2192,1.);
#271=VECTOR('',#2193,1.);
#272=VECTOR('',#2194,1.);
#273=VECTOR('',#2195,1.);
#274=VECTOR('',#2196,1.);
#275=VECTOR('',#2197,1.);
#276=VECTOR('',#2198,1.);
#277=VECTOR('',#2205,1.);
#278=VECTOR('',#2206,1.);
#279=VECTOR('',#2207,1.);
#280=VECTOR('',#2208,1.);
#281=VECTOR('',#2209,1.);
#282=VECTOR('',#2212,1.);
#283=VECTOR('',#2215,1.);
#284=VECTOR('',#2216,1.);
#285=VECTOR('',#2217,1.);
#286=VECTOR('',#2218,1.);
#287=VECTOR('',#2219,1.);
#288=VECTOR('',#2220,1.);
#289=VECTOR('',#2221,1.);
#290=VECTOR('',#2224,1.);
#291=VECTOR('',#2225,1.);
#292=VECTOR('',#2226,1.);
#293=VECTOR('',#2229,1.);
#294=VECTOR('',#2234,1.);
#295=VECTOR('',#2235,1.);
#296=VECTOR('',#2236,1.);
#297=VECTOR('',#2239,1.);
#298=VECTOR('',#2240,1.);
#299=VECTOR('',#2241,1.);
#300=VECTOR('',#2242,1.);
#301=VECTOR('',#2243,1.);
#302=VECTOR('',#2244,1.);
#303=VECTOR('',#2249,1.);
#304=VECTOR('',#2250,1.);
#305=VECTOR('',#2251,1.);
#306=VECTOR('',#2252,1.);
#307=VECTOR('',#2257,1.);
#308=VECTOR('',#2258,1.);
#309=VECTOR('',#2261,1.);
#310=VECTOR('',#2268,1.);
#311=VECTOR('',#2271,1.);
#312=VECTOR('',#2278,1.);
#313=VECTOR('',#2281,1.);
#314=VECTOR('',#2288,1.);
#315=VECTOR('',#2291,1.);
#316=VECTOR('',#2292,1.);
#317=VECTOR('',#2295,1.);
#318=VECTOR('',#2298,1.);
#319=VECTOR('',#2301,1.);
#320=VECTOR('',#2304,1.);
#321=VECTOR('',#2307,1.);
#322=VECTOR('',#2310,1.);
#323=VECTOR('',#2315,1.);
#324=VECTOR('',#2318,1.);
#325=VECTOR('',#2321,1.);
#326=VECTOR('',#2322,1.);
#327=VECTOR('',#2325,1.);
#328=VECTOR('',#2328,1.);
#329=VECTOR('',#2333,1.);
#330=VECTOR('',#2342,1.);
#331=VECTOR('',#2343,1.);
#332=VECTOR('',#2344,1.);
#333=VECTOR('',#2345,1.);
#334=VECTOR('',#2346,1.);
#335=VECTOR('',#2349,1.);
#336=VECTOR('',#2352,1.);
#337=VECTOR('',#2355,1.);
#338=VECTOR('',#2356,1.);
#339=VECTOR('',#2359,1.);
#340=VECTOR('',#2362,1.);
#341=VECTOR('',#2365,1.);
#342=VECTOR('',#2368,1.);
#343=VECTOR('',#2371,1.);
#344=VECTOR('',#2374,1.);
#345=VECTOR('',#2377,1.);
#346=VECTOR('',#2380,1.);
#347=VECTOR('',#2385,1.);
#348=VECTOR('',#2390,1.);
#349=VECTOR('',#2395,1.);
#350=VECTOR('',#2398,1.);
#351=ORIENTED_EDGE('',*,*,#843,.F.);
#352=ORIENTED_EDGE('',*,*,#844,.T.);
#353=ORIENTED_EDGE('',*,*,#845,.F.);
#354=ORIENTED_EDGE('',*,*,#846,.T.);
#355=ORIENTED_EDGE('',*,*,#847,.F.);
#356=ORIENTED_EDGE('',*,*,#848,.T.);
#357=ORIENTED_EDGE('',*,*,#849,.F.);
#358=ORIENTED_EDGE('',*,*,#850,.T.);
#359=ORIENTED_EDGE('',*,*,#851,.F.);
#360=ORIENTED_EDGE('',*,*,#852,.T.);
#361=ORIENTED_EDGE('',*,*,#853,.F.);
#362=ORIENTED_EDGE('',*,*,#854,.T.);
#363=ORIENTED_EDGE('',*,*,#855,.T.);
#364=ORIENTED_EDGE('',*,*,#856,.F.);
#365=ORIENTED_EDGE('',*,*,#857,.F.);
#366=ORIENTED_EDGE('',*,*,#858,.F.);
#367=ORIENTED_EDGE('',*,*,#859,.F.);
#368=ORIENTED_EDGE('',*,*,#860,.F.);
#369=ORIENTED_EDGE('',*,*,#861,.T.);
#370=ORIENTED_EDGE('',*,*,#862,.T.);
#371=ORIENTED_EDGE('',*,*,#863,.T.);
#372=ORIENTED_EDGE('',*,*,#864,.T.);
#373=ORIENTED_EDGE('',*,*,#858,.T.);
#374=ORIENTED_EDGE('',*,*,#865,.T.);
#375=ORIENTED_EDGE('',*,*,#866,.T.);
#376=ORIENTED_EDGE('',*,*,#867,.F.);
#377=ORIENTED_EDGE('',*,*,#868,.T.);
#378=ORIENTED_EDGE('',*,*,#869,.F.);
#379=ORIENTED_EDGE('',*,*,#870,.F.);
#380=ORIENTED_EDGE('',*,*,#871,.F.);
#381=ORIENTED_EDGE('',*,*,#872,.F.);
#382=ORIENTED_EDGE('',*,*,#873,.F.);
#383=ORIENTED_EDGE('',*,*,#874,.T.);
#384=ORIENTED_EDGE('',*,*,#869,.T.);
#385=ORIENTED_EDGE('',*,*,#875,.F.);
#386=ORIENTED_EDGE('',*,*,#876,.T.);
#387=ORIENTED_EDGE('',*,*,#877,.T.);
#388=ORIENTED_EDGE('',*,*,#878,.T.);
#389=ORIENTED_EDGE('',*,*,#879,.T.);
#390=ORIENTED_EDGE('',*,*,#880,.T.);
#391=ORIENTED_EDGE('',*,*,#881,.F.);
#392=ORIENTED_EDGE('',*,*,#882,.T.);
#393=ORIENTED_EDGE('',*,*,#883,.F.);
#394=ORIENTED_EDGE('',*,*,#884,.T.);
#395=ORIENTED_EDGE('',*,*,#885,.F.);
#396=ORIENTED_EDGE('',*,*,#886,.T.);
#397=ORIENTED_EDGE('',*,*,#887,.F.);
#398=ORIENTED_EDGE('',*,*,#888,.T.);
#399=ORIENTED_EDGE('',*,*,#889,.F.);
#400=ORIENTED_EDGE('',*,*,#890,.T.);
#401=ORIENTED_EDGE('',*,*,#891,.F.);
#402=ORIENTED_EDGE('',*,*,#892,.T.);
#403=ORIENTED_EDGE('',*,*,#893,.F.);
#404=ORIENTED_EDGE('',*,*,#894,.T.);
#405=ORIENTED_EDGE('',*,*,#895,.F.);
#406=ORIENTED_EDGE('',*,*,#896,.T.);
#407=ORIENTED_EDGE('',*,*,#897,.F.);
#408=ORIENTED_EDGE('',*,*,#898,.T.);
#409=ORIENTED_EDGE('',*,*,#899,.F.);
#410=ORIENTED_EDGE('',*,*,#900,.T.);
#411=ORIENTED_EDGE('',*,*,#901,.F.);
#412=ORIENTED_EDGE('',*,*,#902,.T.);
#413=ORIENTED_EDGE('',*,*,#903,.F.);
#414=ORIENTED_EDGE('',*,*,#904,.T.);
#415=ORIENTED_EDGE('',*,*,#905,.F.);
#416=ORIENTED_EDGE('',*,*,#906,.T.);
#417=ORIENTED_EDGE('',*,*,#907,.F.);
#418=ORIENTED_EDGE('',*,*,#908,.T.);
#419=ORIENTED_EDGE('',*,*,#909,.F.);
#420=ORIENTED_EDGE('',*,*,#910,.T.);
#421=ORIENTED_EDGE('',*,*,#911,.F.);
#422=ORIENTED_EDGE('',*,*,#912,.T.);
#423=ORIENTED_EDGE('',*,*,#913,.F.);
#424=ORIENTED_EDGE('',*,*,#914,.T.);
#425=ORIENTED_EDGE('',*,*,#915,.F.);
#426=ORIENTED_EDGE('',*,*,#916,.T.);
#427=ORIENTED_EDGE('',*,*,#917,.F.);
#428=ORIENTED_EDGE('',*,*,#918,.T.);
#429=ORIENTED_EDGE('',*,*,#919,.F.);
#430=ORIENTED_EDGE('',*,*,#920,.T.);
#431=ORIENTED_EDGE('',*,*,#921,.F.);
#432=ORIENTED_EDGE('',*,*,#922,.T.);
#433=ORIENTED_EDGE('',*,*,#923,.F.);
#434=ORIENTED_EDGE('',*,*,#924,.T.);
#435=ORIENTED_EDGE('',*,*,#925,.F.);
#436=ORIENTED_EDGE('',*,*,#926,.T.);
#437=ORIENTED_EDGE('',*,*,#927,.F.);
#438=ORIENTED_EDGE('',*,*,#928,.T.);
#439=ORIENTED_EDGE('',*,*,#929,.F.);
#440=ORIENTED_EDGE('',*,*,#930,.T.);
#441=ORIENTED_EDGE('',*,*,#875,.T.);
#442=ORIENTED_EDGE('',*,*,#868,.F.);
#443=ORIENTED_EDGE('',*,*,#931,.F.);
#444=ORIENTED_EDGE('',*,*,#890,.F.);
#445=ORIENTED_EDGE('',*,*,#932,.F.);
#446=ORIENTED_EDGE('',*,*,#933,.T.);
#447=ORIENTED_EDGE('',*,*,#934,.T.);
#448=ORIENTED_EDGE('',*,*,#899,.T.);
#449=ORIENTED_EDGE('',*,*,#935,.F.);
#450=ORIENTED_EDGE('',*,*,#936,.F.);
#451=ORIENTED_EDGE('',*,*,#932,.T.);
#452=ORIENTED_EDGE('',*,*,#898,.F.);
#453=ORIENTED_EDGE('',*,*,#937,.F.);
#454=ORIENTED_EDGE('',*,*,#938,.T.);
#455=ORIENTED_EDGE('',*,*,#935,.T.);
#456=ORIENTED_EDGE('',*,*,#897,.T.);
#457=ORIENTED_EDGE('',*,*,#939,.F.);
#458=ORIENTED_EDGE('',*,*,#940,.F.);
#459=ORIENTED_EDGE('',*,*,#937,.T.);
#460=ORIENTED_EDGE('',*,*,#896,.F.);
#461=ORIENTED_EDGE('',*,*,#941,.F.);
#462=ORIENTED_EDGE('',*,*,#942,.T.);
#463=ORIENTED_EDGE('',*,*,#939,.T.);
#464=ORIENTED_EDGE('',*,*,#895,.T.);
#465=ORIENTED_EDGE('',*,*,#943,.F.);
#466=ORIENTED_EDGE('',*,*,#944,.F.);
#467=ORIENTED_EDGE('',*,*,#941,.T.);
#468=ORIENTED_EDGE('',*,*,#894,.F.);
#469=ORIENTED_EDGE('',*,*,#945,.F.);
#470=ORIENTED_EDGE('',*,*,#946,.T.);
#471=ORIENTED_EDGE('',*,*,#943,.T.);
#472=ORIENTED_EDGE('',*,*,#893,.T.);
#473=ORIENTED_EDGE('',*,*,#947,.F.);
#474=ORIENTED_EDGE('',*,*,#948,.F.);
#475=ORIENTED_EDGE('',*,*,#945,.T.);
#476=ORIENTED_EDGE('',*,*,#892,.F.);
#477=ORIENTED_EDGE('',*,*,#949,.F.);
#478=ORIENTED_EDGE('',*,*,#950,.T.);
#479=ORIENTED_EDGE('',*,*,#947,.T.);
#480=ORIENTED_EDGE('',*,*,#880,.F.);
#481=ORIENTED_EDGE('',*,*,#951,.F.);
#482=ORIENTED_EDGE('',*,*,#952,.T.);
#483=ORIENTED_EDGE('',*,*,#953,.T.);
#484=ORIENTED_EDGE('',*,*,#889,.T.);
#485=ORIENTED_EDGE('',*,*,#954,.F.);
#486=ORIENTED_EDGE('',*,*,#955,.F.);
#487=ORIENTED_EDGE('',*,*,#951,.T.);
#488=ORIENTED_EDGE('',*,*,#888,.F.);
#489=ORIENTED_EDGE('',*,*,#956,.F.);
#490=ORIENTED_EDGE('',*,*,#957,.T.);
#491=ORIENTED_EDGE('',*,*,#954,.T.);
#492=ORIENTED_EDGE('',*,*,#887,.T.);
#493=ORIENTED_EDGE('',*,*,#958,.F.);
#494=ORIENTED_EDGE('',*,*,#959,.F.);
#495=ORIENTED_EDGE('',*,*,#956,.T.);
#496=ORIENTED_EDGE('',*,*,#886,.F.);
#497=ORIENTED_EDGE('',*,*,#960,.F.);
#498=ORIENTED_EDGE('',*,*,#961,.T.);
#499=ORIENTED_EDGE('',*,*,#958,.T.);
#500=ORIENTED_EDGE('',*,*,#885,.T.);
#501=ORIENTED_EDGE('',*,*,#962,.F.);
#502=ORIENTED_EDGE('',*,*,#963,.F.);
#503=ORIENTED_EDGE('',*,*,#960,.T.);
#504=ORIENTED_EDGE('',*,*,#884,.F.);
#505=ORIENTED_EDGE('',*,*,#964,.F.);
#506=ORIENTED_EDGE('',*,*,#965,.T.);
#507=ORIENTED_EDGE('',*,*,#962,.T.);
#508=ORIENTED_EDGE('',*,*,#883,.T.);
#509=ORIENTED_EDGE('',*,*,#966,.F.);
#510=ORIENTED_EDGE('',*,*,#967,.F.);
#511=ORIENTED_EDGE('',*,*,#964,.T.);
#512=ORIENTED_EDGE('',*,*,#882,.F.);
#513=ORIENTED_EDGE('',*,*,#968,.F.);
#514=ORIENTED_EDGE('',*,*,#969,.T.);
#515=ORIENTED_EDGE('',*,*,#966,.T.);
#516=ORIENTED_EDGE('',*,*,#881,.T.);
#517=ORIENTED_EDGE('',*,*,#953,.F.);
#518=ORIENTED_EDGE('',*,*,#970,.F.);
#519=ORIENTED_EDGE('',*,*,#968,.T.);
#520=ORIENTED_EDGE('',*,*,#891,.T.);
#521=ORIENTED_EDGE('',*,*,#934,.F.);
#522=ORIENTED_EDGE('',*,*,#971,.F.);
#523=ORIENTED_EDGE('',*,*,#949,.T.);
#524=ORIENTED_EDGE('',*,*,#972,.F.);
#525=ORIENTED_EDGE('',*,*,#931,.T.);
#526=ORIENTED_EDGE('',*,*,#867,.T.);
#527=ORIENTED_EDGE('',*,*,#973,.F.);
#528=ORIENTED_EDGE('',*,*,#952,.F.);
#529=ORIENTED_EDGE('',*,*,#955,.T.);
#530=ORIENTED_EDGE('',*,*,#957,.F.);
#531=ORIENTED_EDGE('',*,*,#959,.T.);
#532=ORIENTED_EDGE('',*,*,#961,.F.);
#533=ORIENTED_EDGE('',*,*,#963,.T.);
#534=ORIENTED_EDGE('',*,*,#965,.F.);
#535=ORIENTED_EDGE('',*,*,#967,.T.);
#536=ORIENTED_EDGE('',*,*,#969,.F.);
#537=ORIENTED_EDGE('',*,*,#970,.T.);
#538=ORIENTED_EDGE('',*,*,#933,.F.);
#539=ORIENTED_EDGE('',*,*,#936,.T.);
#540=ORIENTED_EDGE('',*,*,#938,.F.);
#541=ORIENTED_EDGE('',*,*,#940,.T.);
#542=ORIENTED_EDGE('',*,*,#942,.F.);
#543=ORIENTED_EDGE('',*,*,#944,.T.);
#544=ORIENTED_EDGE('',*,*,#946,.F.);
#545=ORIENTED_EDGE('',*,*,#948,.T.);
#546=ORIENTED_EDGE('',*,*,#950,.F.);
#547=ORIENTED_EDGE('',*,*,#971,.T.);
#548=ORIENTED_EDGE('',*,*,#874,.F.);
#549=ORIENTED_EDGE('',*,*,#974,.F.);
#550=ORIENTED_EDGE('',*,*,#975,.T.);
#551=ORIENTED_EDGE('',*,*,#870,.T.);
#552=ORIENTED_EDGE('',*,*,#900,.F.);
#553=ORIENTED_EDGE('',*,*,#976,.F.);
#554=ORIENTED_EDGE('',*,*,#977,.T.);
#555=ORIENTED_EDGE('',*,*,#978,.T.);
#556=ORIENTED_EDGE('',*,*,#909,.T.);
#557=ORIENTED_EDGE('',*,*,#979,.F.);
#558=ORIENTED_EDGE('',*,*,#980,.F.);
#559=ORIENTED_EDGE('',*,*,#976,.T.);
#560=ORIENTED_EDGE('',*,*,#908,.F.);
#561=ORIENTED_EDGE('',*,*,#981,.F.);
#562=ORIENTED_EDGE('',*,*,#982,.T.);
#563=ORIENTED_EDGE('',*,*,#979,.T.);
#564=ORIENTED_EDGE('',*,*,#907,.T.);
#565=ORIENTED_EDGE('',*,*,#983,.F.);
#566=ORIENTED_EDGE('',*,*,#984,.F.);
#567=ORIENTED_EDGE('',*,*,#981,.T.);
#568=ORIENTED_EDGE('',*,*,#906,.F.);
#569=ORIENTED_EDGE('',*,*,#985,.F.);
#570=ORIENTED_EDGE('',*,*,#986,.T.);
#571=ORIENTED_EDGE('',*,*,#983,.T.);
#572=ORIENTED_EDGE('',*,*,#905,.T.);
#573=ORIENTED_EDGE('',*,*,#987,.F.);
#574=ORIENTED_EDGE('',*,*,#988,.F.);
#575=ORIENTED_EDGE('',*,*,#985,.T.);
#576=ORIENTED_EDGE('',*,*,#904,.F.);
#577=ORIENTED_EDGE('',*,*,#989,.F.);
#578=ORIENTED_EDGE('',*,*,#990,.T.);
#579=ORIENTED_EDGE('',*,*,#987,.T.);
#580=ORIENTED_EDGE('',*,*,#903,.T.);
#581=ORIENTED_EDGE('',*,*,#991,.F.);
#582=ORIENTED_EDGE('',*,*,#992,.F.);
#583=ORIENTED_EDGE('',*,*,#989,.T.);
#584=ORIENTED_EDGE('',*,*,#902,.F.);
#585=ORIENTED_EDGE('',*,*,#993,.F.);
#586=ORIENTED_EDGE('',*,*,#994,.T.);
#587=ORIENTED_EDGE('',*,*,#991,.T.);
#588=ORIENTED_EDGE('',*,*,#995,.T.);
#589=ORIENTED_EDGE('',*,*,#996,.T.);
#590=ORIENTED_EDGE('',*,*,#861,.F.);
#591=ORIENTED_EDGE('',*,*,#997,.T.);
#592=ORIENTED_EDGE('',*,*,#998,.F.);
#593=ORIENTED_EDGE('',*,*,#999,.F.);
#594=ORIENTED_EDGE('',*,*,#1000,.F.);
#595=ORIENTED_EDGE('',*,*,#1001,.T.);
#596=ORIENTED_EDGE('',*,*,#901,.T.);
#597=ORIENTED_EDGE('',*,*,#978,.F.);
#598=ORIENTED_EDGE('',*,*,#1002,.F.);
#599=ORIENTED_EDGE('',*,*,#993,.T.);
#600=ORIENTED_EDGE('',*,*,#1003,.F.);
#601=ORIENTED_EDGE('',*,*,#998,.T.);
#602=ORIENTED_EDGE('',*,*,#1004,.T.);
#603=ORIENTED_EDGE('',*,*,#1005,.T.);
#604=ORIENTED_EDGE('',*,*,#871,.T.);
#605=ORIENTED_EDGE('',*,*,#975,.F.);
#606=ORIENTED_EDGE('',*,*,#1006,.F.);
#607=ORIENTED_EDGE('',*,*,#1007,.T.);
#608=ORIENTED_EDGE('',*,*,#977,.F.);
#609=ORIENTED_EDGE('',*,*,#980,.T.);
#610=ORIENTED_EDGE('',*,*,#982,.F.);
#611=ORIENTED_EDGE('',*,*,#984,.T.);
#612=ORIENTED_EDGE('',*,*,#986,.F.);
#613=ORIENTED_EDGE('',*,*,#988,.T.);
#614=ORIENTED_EDGE('',*,*,#990,.F.);
#615=ORIENTED_EDGE('',*,*,#992,.T.);
#616=ORIENTED_EDGE('',*,*,#994,.F.);
#617=ORIENTED_EDGE('',*,*,#1002,.T.);
#618=ORIENTED_EDGE('',*,*,#855,.F.);
#619=ORIENTED_EDGE('',*,*,#1008,.T.);
#620=ORIENTED_EDGE('',*,*,#1009,.F.);
#621=ORIENTED_EDGE('',*,*,#1010,.T.);
#622=ORIENTED_EDGE('',*,*,#1011,.F.);
#623=ORIENTED_EDGE('',*,*,#1012,.T.);
#624=ORIENTED_EDGE('',*,*,#1013,.F.);
#625=ORIENTED_EDGE('',*,*,#1014,.T.);
#626=ORIENTED_EDGE('',*,*,#973,.T.);
#627=ORIENTED_EDGE('',*,*,#866,.F.);
#628=ORIENTED_EDGE('',*,*,#1015,.T.);
#629=ORIENTED_EDGE('',*,*,#1016,.F.);
#630=ORIENTED_EDGE('',*,*,#1014,.F.);
#631=ORIENTED_EDGE('',*,*,#1017,.T.);
#632=ORIENTED_EDGE('',*,*,#1018,.F.);
#633=ORIENTED_EDGE('',*,*,#1019,.T.);
#634=ORIENTED_EDGE('',*,*,#1006,.T.);
#635=ORIENTED_EDGE('',*,*,#974,.T.);
#636=ORIENTED_EDGE('',*,*,#873,.T.);
#637=ORIENTED_EDGE('',*,*,#930,.F.);
#638=ORIENTED_EDGE('',*,*,#972,.T.);
#639=ORIENTED_EDGE('',*,*,#872,.T.);
#640=ORIENTED_EDGE('',*,*,#1005,.F.);
#641=ORIENTED_EDGE('',*,*,#1020,.F.);
#642=ORIENTED_EDGE('',*,*,#859,.T.);
#643=ORIENTED_EDGE('',*,*,#1020,.T.);
#644=ORIENTED_EDGE('',*,*,#1004,.F.);
#645=ORIENTED_EDGE('',*,*,#997,.F.);
#646=ORIENTED_EDGE('',*,*,#860,.T.);
#647=ORIENTED_EDGE('',*,*,#1021,.T.);
#648=ORIENTED_EDGE('',*,*,#1022,.T.);
#649=ORIENTED_EDGE('',*,*,#863,.F.);
#650=ORIENTED_EDGE('',*,*,#1023,.T.);
#651=ORIENTED_EDGE('',*,*,#1024,.F.);
#652=ORIENTED_EDGE('',*,*,#853,.T.);
#653=ORIENTED_EDGE('',*,*,#1025,.T.);
#654=ORIENTED_EDGE('',*,*,#1026,.T.);
#655=ORIENTED_EDGE('',*,*,#1027,.T.);
#656=ORIENTED_EDGE('',*,*,#1028,.T.);
#657=ORIENTED_EDGE('',*,*,#1029,.F.);
#658=ORIENTED_EDGE('',*,*,#1030,.T.);
#659=ORIENTED_EDGE('',*,*,#1031,.T.);
#660=ORIENTED_EDGE('',*,*,#1032,.T.);
#661=ORIENTED_EDGE('',*,*,#1033,.T.);
#662=ORIENTED_EDGE('',*,*,#1034,.T.);
#663=ORIENTED_EDGE('',*,*,#1035,.F.);
#664=ORIENTED_EDGE('',*,*,#1036,.T.);
#665=ORIENTED_EDGE('',*,*,#929,.T.);
#666=ORIENTED_EDGE('',*,*,#1037,.F.);
#667=ORIENTED_EDGE('',*,*,#1038,.F.);
#668=ORIENTED_EDGE('',*,*,#1039,.T.);
#669=ORIENTED_EDGE('',*,*,#1037,.T.);
#670=ORIENTED_EDGE('',*,*,#928,.F.);
#671=ORIENTED_EDGE('',*,*,#1040,.F.);
#672=ORIENTED_EDGE('',*,*,#1038,.T.);
#673=ORIENTED_EDGE('',*,*,#927,.T.);
#674=ORIENTED_EDGE('',*,*,#1041,.F.);
#675=ORIENTED_EDGE('',*,*,#1042,.F.);
#676=ORIENTED_EDGE('',*,*,#1043,.T.);
#677=ORIENTED_EDGE('',*,*,#1041,.T.);
#678=ORIENTED_EDGE('',*,*,#926,.F.);
#679=ORIENTED_EDGE('',*,*,#1044,.F.);
#680=ORIENTED_EDGE('',*,*,#1042,.T.);
#681=ORIENTED_EDGE('',*,*,#925,.T.);
#682=ORIENTED_EDGE('',*,*,#1045,.F.);
#683=ORIENTED_EDGE('',*,*,#1046,.F.);
#684=ORIENTED_EDGE('',*,*,#1047,.T.);
#685=ORIENTED_EDGE('',*,*,#1045,.T.);
#686=ORIENTED_EDGE('',*,*,#924,.F.);
#687=ORIENTED_EDGE('',*,*,#1048,.F.);
#688=ORIENTED_EDGE('',*,*,#1046,.T.);
#689=ORIENTED_EDGE('',*,*,#923,.T.);
#690=ORIENTED_EDGE('',*,*,#1049,.F.);
#691=ORIENTED_EDGE('',*,*,#844,.F.);
#692=ORIENTED_EDGE('',*,*,#1050,.T.);
#693=ORIENTED_EDGE('',*,*,#919,.T.);
#694=ORIENTED_EDGE('',*,*,#1051,.F.);
#695=ORIENTED_EDGE('',*,*,#1052,.F.);
#696=ORIENTED_EDGE('',*,*,#845,.T.);
#697=ORIENTED_EDGE('',*,*,#1051,.T.);
#698=ORIENTED_EDGE('',*,*,#918,.F.);
#699=ORIENTED_EDGE('',*,*,#846,.F.);
#700=ORIENTED_EDGE('',*,*,#1052,.T.);
#701=ORIENTED_EDGE('',*,*,#917,.T.);
#702=ORIENTED_EDGE('',*,*,#1053,.F.);
#703=ORIENTED_EDGE('',*,*,#1054,.F.);
#704=ORIENTED_EDGE('',*,*,#847,.T.);
#705=ORIENTED_EDGE('',*,*,#1053,.T.);
#706=ORIENTED_EDGE('',*,*,#916,.F.);
#707=ORIENTED_EDGE('',*,*,#848,.F.);
#708=ORIENTED_EDGE('',*,*,#1054,.T.);
#709=ORIENTED_EDGE('',*,*,#915,.T.);
#710=ORIENTED_EDGE('',*,*,#1055,.F.);
#711=ORIENTED_EDGE('',*,*,#1056,.F.);
#712=ORIENTED_EDGE('',*,*,#849,.T.);
#713=ORIENTED_EDGE('',*,*,#1055,.T.);
#714=ORIENTED_EDGE('',*,*,#914,.F.);
#715=ORIENTED_EDGE('',*,*,#850,.F.);
#716=ORIENTED_EDGE('',*,*,#1056,.T.);
#717=ORIENTED_EDGE('',*,*,#913,.T.);
#718=ORIENTED_EDGE('',*,*,#1057,.F.);
#719=ORIENTED_EDGE('',*,*,#1036,.F.);
#720=ORIENTED_EDGE('',*,*,#1058,.T.);
#721=ORIENTED_EDGE('',*,*,#1059,.T.);
#722=ORIENTED_EDGE('',*,*,#920,.F.);
#723=ORIENTED_EDGE('',*,*,#1050,.F.);
#724=ORIENTED_EDGE('',*,*,#843,.T.);
#725=ORIENTED_EDGE('',*,*,#1060,.T.);
#726=ORIENTED_EDGE('',*,*,#910,.F.);
#727=ORIENTED_EDGE('',*,*,#1003,.T.);
#728=ORIENTED_EDGE('',*,*,#1061,.F.);
#729=ORIENTED_EDGE('',*,*,#1062,.F.);
#730=ORIENTED_EDGE('',*,*,#999,.T.);
#731=ORIENTED_EDGE('',*,*,#1061,.T.);
#732=ORIENTED_EDGE('',*,*,#1007,.F.);
#733=ORIENTED_EDGE('',*,*,#1019,.F.);
#734=ORIENTED_EDGE('',*,*,#1063,.T.);
#735=ORIENTED_EDGE('',*,*,#1064,.F.);
#736=ORIENTED_EDGE('',*,*,#851,.T.);
#737=ORIENTED_EDGE('',*,*,#1057,.T.);
#738=ORIENTED_EDGE('',*,*,#912,.F.);
#739=ORIENTED_EDGE('',*,*,#852,.F.);
#740=ORIENTED_EDGE('',*,*,#1064,.T.);
#741=ORIENTED_EDGE('',*,*,#911,.T.);
#742=ORIENTED_EDGE('',*,*,#1060,.F.);
#743=ORIENTED_EDGE('',*,*,#1065,.F.);
#744=ORIENTED_EDGE('',*,*,#1066,.T.);
#745=ORIENTED_EDGE('',*,*,#1049,.T.);
#746=ORIENTED_EDGE('',*,*,#922,.F.);
#747=ORIENTED_EDGE('',*,*,#1067,.F.);
#748=ORIENTED_EDGE('',*,*,#1065,.T.);
#749=ORIENTED_EDGE('',*,*,#921,.T.);
#750=ORIENTED_EDGE('',*,*,#1059,.F.);
#751=ORIENTED_EDGE('',*,*,#1068,.F.);
#752=ORIENTED_EDGE('',*,*,#1028,.F.);
#753=ORIENTED_EDGE('',*,*,#1069,.T.);
#754=ORIENTED_EDGE('',*,*,#1031,.F.);
#755=ORIENTED_EDGE('',*,*,#1070,.T.);
#756=ORIENTED_EDGE('',*,*,#1000,.T.);
#757=ORIENTED_EDGE('',*,*,#1062,.T.);
#758=ORIENTED_EDGE('',*,*,#1063,.F.);
#759=ORIENTED_EDGE('',*,*,#1018,.T.);
#760=ORIENTED_EDGE('',*,*,#1071,.T.);
#761=ORIENTED_EDGE('',*,*,#1072,.T.);
#762=ORIENTED_EDGE('',*,*,#1011,.T.);
#763=ORIENTED_EDGE('',*,*,#1058,.F.);
#764=ORIENTED_EDGE('',*,*,#1035,.T.);
#765=ORIENTED_EDGE('',*,*,#1039,.F.);
#766=ORIENTED_EDGE('',*,*,#1040,.T.);
#767=ORIENTED_EDGE('',*,*,#1043,.F.);
#768=ORIENTED_EDGE('',*,*,#1044,.T.);
#769=ORIENTED_EDGE('',*,*,#1047,.F.);
#770=ORIENTED_EDGE('',*,*,#1048,.T.);
#771=ORIENTED_EDGE('',*,*,#1066,.F.);
#772=ORIENTED_EDGE('',*,*,#1067,.T.);
#773=ORIENTED_EDGE('',*,*,#1069,.F.);
#774=ORIENTED_EDGE('',*,*,#1027,.F.);
#775=ORIENTED_EDGE('',*,*,#1073,.F.);
#776=ORIENTED_EDGE('',*,*,#1032,.F.);
#777=ORIENTED_EDGE('',*,*,#864,.F.);
#778=ORIENTED_EDGE('',*,*,#1022,.F.);
#779=ORIENTED_EDGE('',*,*,#1074,.F.);
#780=ORIENTED_EDGE('',*,*,#1025,.F.);
#781=ORIENTED_EDGE('',*,*,#1075,.F.);
#782=ORIENTED_EDGE('',*,*,#1026,.F.);
#783=ORIENTED_EDGE('',*,*,#1076,.F.);
#784=ORIENTED_EDGE('',*,*,#876,.F.);
#785=ORIENTED_EDGE('',*,*,#1073,.T.);
#786=ORIENTED_EDGE('',*,*,#1075,.T.);
#787=ORIENTED_EDGE('',*,*,#1077,.F.);
#788=ORIENTED_EDGE('',*,*,#1076,.T.);
#789=ORIENTED_EDGE('',*,*,#1074,.T.);
#790=ORIENTED_EDGE('',*,*,#1078,.F.);
#791=ORIENTED_EDGE('',*,*,#1077,.T.);
#792=ORIENTED_EDGE('',*,*,#879,.F.);
#793=ORIENTED_EDGE('',*,*,#1079,.F.);
#794=ORIENTED_EDGE('',*,*,#1033,.F.);
#795=ORIENTED_EDGE('',*,*,#1070,.F.);
#796=ORIENTED_EDGE('',*,*,#1034,.F.);
#797=ORIENTED_EDGE('',*,*,#1080,.F.);
#798=ORIENTED_EDGE('',*,*,#1001,.F.);
#799=ORIENTED_EDGE('',*,*,#862,.F.);
#800=ORIENTED_EDGE('',*,*,#996,.F.);
#801=ORIENTED_EDGE('',*,*,#1081,.F.);
#802=ORIENTED_EDGE('',*,*,#1023,.F.);
#803=ORIENTED_EDGE('',*,*,#1078,.T.);
#804=ORIENTED_EDGE('',*,*,#1021,.F.);
#805=ORIENTED_EDGE('',*,*,#1082,.F.);
#806=ORIENTED_EDGE('',*,*,#877,.F.);
#807=ORIENTED_EDGE('',*,*,#1080,.T.);
#808=ORIENTED_EDGE('',*,*,#1079,.T.);
#809=ORIENTED_EDGE('',*,*,#1083,.F.);
#810=ORIENTED_EDGE('',*,*,#1082,.T.);
#811=ORIENTED_EDGE('',*,*,#1081,.T.);
#812=ORIENTED_EDGE('',*,*,#1084,.F.);
#813=ORIENTED_EDGE('',*,*,#1083,.T.);
#814=ORIENTED_EDGE('',*,*,#878,.F.);
#815=ORIENTED_EDGE('',*,*,#1084,.T.);
#816=ORIENTED_EDGE('',*,*,#995,.F.);
#817=ORIENTED_EDGE('',*,*,#856,.T.);
#818=ORIENTED_EDGE('',*,*,#1016,.T.);
#819=ORIENTED_EDGE('',*,*,#1085,.T.);
#820=ORIENTED_EDGE('',*,*,#865,.F.);
#821=ORIENTED_EDGE('',*,*,#857,.T.);
#822=ORIENTED_EDGE('',*,*,#1085,.F.);
#823=ORIENTED_EDGE('',*,*,#1015,.F.);
#824=ORIENTED_EDGE('',*,*,#1017,.F.);
#825=ORIENTED_EDGE('',*,*,#1013,.T.);
#826=ORIENTED_EDGE('',*,*,#1086,.T.);
#827=ORIENTED_EDGE('',*,*,#1071,.F.);
#828=ORIENTED_EDGE('',*,*,#1072,.F.);
#829=ORIENTED_EDGE('',*,*,#1086,.F.);
#830=ORIENTED_EDGE('',*,*,#1012,.F.);
#831=ORIENTED_EDGE('',*,*,#854,.F.);
#832=ORIENTED_EDGE('',*,*,#1024,.T.);
#833=ORIENTED_EDGE('',*,*,#1087,.T.);
#834=ORIENTED_EDGE('',*,*,#1008,.F.);
#835=ORIENTED_EDGE('',*,*,#1009,.T.);
#836=ORIENTED_EDGE('',*,*,#1087,.F.);
#837=ORIENTED_EDGE('',*,*,#1030,.F.);
#838=ORIENTED_EDGE('',*,*,#1088,.T.);
#839=ORIENTED_EDGE('',*,*,#1088,.F.);
#840=ORIENTED_EDGE('',*,*,#1029,.T.);
#841=ORIENTED_EDGE('',*,*,#1068,.T.);
#842=ORIENTED_EDGE('',*,*,#1010,.F.);
#843=EDGE_CURVE('',#1089,#1090,#1249,.F.);
#844=EDGE_CURVE('',#1089,#1091,#1250,.F.);
#845=EDGE_CURVE('',#1092,#1091,#1251,.F.);
#846=EDGE_CURVE('',#1092,#1093,#1252,.F.);
#847=EDGE_CURVE('',#1094,#1093,#1253,.F.);
#848=EDGE_CURVE('',#1094,#1095,#1254,.F.);
#849=EDGE_CURVE('',#1096,#1095,#1255,.F.);
#850=EDGE_CURVE('',#1096,#1097,#1256,.F.);
#851=EDGE_CURVE('',#1098,#1097,#1257,.F.);
#852=EDGE_CURVE('',#1098,#1090,#1258,.F.);
#853=EDGE_CURVE('',#1099,#1100,#63,.T.);
#854=EDGE_CURVE('',#1099,#1101,#64,.T.);
#855=EDGE_CURVE('',#1101,#1102,#65,.T.);
#856=EDGE_CURVE('',#1103,#1102,#66,.T.);
#857=EDGE_CURVE('',#1104,#1103,#67,.T.);
#858=EDGE_CURVE('',#1105,#1104,#68,.T.);
#859=EDGE_CURVE('',#1106,#1105,#69,.T.);
#860=EDGE_CURVE('',#1107,#1106,#70,.T.);
#861=EDGE_CURVE('',#1107,#1108,#71,.T.);
#862=EDGE_CURVE('',#1108,#1109,#72,.F.);
#863=EDGE_CURVE('',#1109,#1110,#73,.T.);
#864=EDGE_CURVE('',#1110,#1100,#74,.T.);
#865=EDGE_CURVE('',#1104,#1111,#75,.T.);
#866=EDGE_CURVE('',#1111,#1112,#76,.T.);
#867=EDGE_CURVE('',#1113,#1112,#77,.T.);
#868=EDGE_CURVE('',#1113,#1114,#78,.T.);
#869=EDGE_CURVE('',#1115,#1114,#79,.T.);
#870=EDGE_CURVE('',#1116,#1115,#80,.T.);
#871=EDGE_CURVE('',#1117,#1116,#81,.T.);
#872=EDGE_CURVE('',#1105,#1117,#82,.T.);
#873=EDGE_CURVE('',#1118,#1119,#83,.T.);
#874=EDGE_CURVE('',#1118,#1115,#84,.T.);
#875=EDGE_CURVE('',#1119,#1114,#85,.T.);
#876=EDGE_CURVE('',#1120,#1121,#86,.T.);
#877=EDGE_CURVE('',#1121,#1122,#87,.T.);
#878=EDGE_CURVE('',#1122,#1123,#88,.T.);
#879=EDGE_CURVE('',#1123,#1120,#89,.T.);
#880=EDGE_CURVE('',#1124,#1125,#1259,.T.);
#881=EDGE_CURVE('',#1126,#1125,#1260,.T.);
#882=EDGE_CURVE('',#1126,#1127,#1261,.T.);
#883=EDGE_CURVE('',#1128,#1127,#1262,.T.);
#884=EDGE_CURVE('',#1128,#1129,#1263,.T.);
#885=EDGE_CURVE('',#1130,#1129,#1264,.T.);
#886=EDGE_CURVE('',#1130,#1131,#1265,.T.);
#887=EDGE_CURVE('',#1132,#1131,#1266,.T.);
#888=EDGE_CURVE('',#1132,#1133,#1267,.T.);
#889=EDGE_CURVE('',#1124,#1133,#1268,.T.);
#890=EDGE_CURVE('',#1134,#1135,#1269,.T.);
#891=EDGE_CURVE('',#1136,#1135,#1270,.T.);
#892=EDGE_CURVE('',#1136,#1137,#1271,.T.);
#893=EDGE_CURVE('',#1138,#1137,#1272,.T.);
#894=EDGE_CURVE('',#1138,#1139,#1273,.T.);
#895=EDGE_CURVE('',#1140,#1139,#1274,.T.);
#896=EDGE_CURVE('',#1140,#1141,#1275,.T.);
#897=EDGE_CURVE('',#1142,#1141,#1276,.T.);
#898=EDGE_CURVE('',#1142,#1143,#1277,.T.);
#899=EDGE_CURVE('',#1134,#1143,#1278,.T.);
#900=EDGE_CURVE('',#1144,#1145,#1279,.T.);
#901=EDGE_CURVE('',#1146,#1145,#1280,.T.);
#902=EDGE_CURVE('',#1146,#1147,#1281,.T.);
#903=EDGE_CURVE('',#1148,#1147,#1282,.T.);
#904=EDGE_CURVE('',#1148,#1149,#1283,.T.);
#905=EDGE_CURVE('',#1150,#1149,#1284,.T.);
#906=EDGE_CURVE('',#1150,#1151,#1285,.T.);
#907=EDGE_CURVE('',#1152,#1151,#1286,.T.);
#908=EDGE_CURVE('',#1152,#1153,#1287,.T.);
#909=EDGE_CURVE('',#1144,#1153,#1288,.T.);
#910=EDGE_CURVE('',#1154,#1155,#1289,.T.);
#911=EDGE_CURVE('',#1156,#1155,#1290,.T.);
#912=EDGE_CURVE('',#1156,#1157,#1291,.T.);
#913=EDGE_CURVE('',#1158,#1157,#1292,.T.);
#914=EDGE_CURVE('',#1158,#1159,#1293,.T.);
#915=EDGE_CURVE('',#1160,#1159,#1294,.T.);
#916=EDGE_CURVE('',#1160,#1161,#1295,.T.);
#917=EDGE_CURVE('',#1162,#1161,#1296,.T.);
#918=EDGE_CURVE('',#1162,#1163,#1297,.T.);
#919=EDGE_CURVE('',#1154,#1163,#1298,.T.);
#920=EDGE_CURVE('',#1164,#1165,#1299,.T.);
#921=EDGE_CURVE('',#1166,#1165,#1300,.T.);
#922=EDGE_CURVE('',#1166,#1167,#1301,.T.);
#923=EDGE_CURVE('',#1168,#1167,#1302,.T.);
#924=EDGE_CURVE('',#1168,#1169,#1303,.T.);
#925=EDGE_CURVE('',#1170,#1169,#1304,.T.);
#926=EDGE_CURVE('',#1170,#1171,#1305,.T.);
#927=EDGE_CURVE('',#1172,#1171,#1306,.T.);
#928=EDGE_CURVE('',#1172,#1173,#1307,.T.);
#929=EDGE_CURVE('',#1164,#1173,#1308,.T.);
#930=EDGE_CURVE('',#1174,#1119,#90,.T.);
#931=EDGE_CURVE('',#1174,#1113,#91,.T.);
#932=EDGE_CURVE('',#1175,#1134,#92,.T.);
#933=EDGE_CURVE('',#1175,#1176,#1309,.T.);
#934=EDGE_CURVE('',#1176,#1135,#93,.T.);
#935=EDGE_CURVE('',#1177,#1143,#94,.T.);
#936=EDGE_CURVE('',#1175,#1177,#1310,.T.);
#937=EDGE_CURVE('',#1178,#1142,#95,.T.);
#938=EDGE_CURVE('',#1178,#1177,#1311,.T.);
#939=EDGE_CURVE('',#1179,#1141,#96,.T.);
#940=EDGE_CURVE('',#1178,#1179,#1312,.T.);
#941=EDGE_CURVE('',#1180,#1140,#97,.T.);
#942=EDGE_CURVE('',#1180,#1179,#1313,.T.);
#943=EDGE_CURVE('',#1181,#1139,#98,.T.);
#944=EDGE_CURVE('',#1180,#1181,#1314,.T.);
#945=EDGE_CURVE('',#1182,#1138,#99,.T.);
#946=EDGE_CURVE('',#1182,#1181,#1315,.T.);
#947=EDGE_CURVE('',#1183,#1137,#100,.T.);
#948=EDGE_CURVE('',#1182,#1183,#1316,.T.);
#949=EDGE_CURVE('',#1184,#1136,#101,.T.);
#950=EDGE_CURVE('',#1184,#1183,#1317,.T.);
#951=EDGE_CURVE('',#1185,#1124,#102,.T.);
#952=EDGE_CURVE('',#1185,#1186,#1318,.T.);
#953=EDGE_CURVE('',#1186,#1125,#103,.T.);
#954=EDGE_CURVE('',#1187,#1133,#104,.T.);
#955=EDGE_CURVE('',#1185,#1187,#1319,.T.);
#956=EDGE_CURVE('',#1188,#1132,#105,.T.);
#957=EDGE_CURVE('',#1188,#1187,#1320,.T.);
#958=EDGE_CURVE('',#1189,#1131,#106,.T.);
#959=EDGE_CURVE('',#1188,#1189,#1321,.T.);
#960=EDGE_CURVE('',#1190,#1130,#107,.T.);
#961=EDGE_CURVE('',#1190,#1189,#1322,.T.);
#962=EDGE_CURVE('',#1191,#1129,#108,.T.);
#963=EDGE_CURVE('',#1190,#1191,#1323,.T.);
#964=EDGE_CURVE('',#1192,#1128,#109,.T.);
#965=EDGE_CURVE('',#1192,#1191,#1324,.T.);
#966=EDGE_CURVE('',#1193,#1127,#110,.T.);
#967=EDGE_CURVE('',#1192,#1193,#1325,.T.);
#968=EDGE_CURVE('',#1194,#1126,#111,.T.);
#969=EDGE_CURVE('',#1194,#1193,#1326,.T.);
#970=EDGE_CURVE('',#1194,#1186,#1327,.T.);
#971=EDGE_CURVE('',#1184,#1176,#1328,.T.);
#972=EDGE_CURVE('',#1174,#1195,#112,.T.);
#973=EDGE_CURVE('',#1195,#1112,#113,.T.);
#974=EDGE_CURVE('',#1196,#1118,#114,.T.);
#975=EDGE_CURVE('',#1196,#1116,#115,.T.);
#976=EDGE_CURVE('',#1197,#1144,#116,.T.);
#977=EDGE_CURVE('',#1197,#1198,#1329,.T.);
#978=EDGE_CURVE('',#1198,#1145,#117,.T.);
#979=EDGE_CURVE('',#1199,#1153,#118,.T.);
#980=EDGE_CURVE('',#1197,#1199,#1330,.T.);
#981=EDGE_CURVE('',#1200,#1152,#119,.T.);
#982=EDGE_CURVE('',#1200,#1199,#1331,.T.);
#983=EDGE_CURVE('',#1201,#1151,#120,.T.);
#984=EDGE_CURVE('',#1200,#1201,#1332,.T.);
#985=EDGE_CURVE('',#1202,#1150,#121,.T.);
#986=EDGE_CURVE('',#1202,#1201,#1333,.T.);
#987=EDGE_CURVE('',#1203,#1149,#122,.T.);
#988=EDGE_CURVE('',#1202,#1203,#1334,.T.);
#989=EDGE_CURVE('',#1204,#1148,#123,.T.);
#990=EDGE_CURVE('',#1204,#1203,#1335,.T.);
#991=EDGE_CURVE('',#1205,#1147,#124,.T.);
#992=EDGE_CURVE('',#1204,#1205,#1336,.T.);
#993=EDGE_CURVE('',#1206,#1146,#125,.T.);
#994=EDGE_CURVE('',#1206,#1205,#1337,.T.);
#995=EDGE_CURVE('',#1207,#1208,#126,.T.);
#996=EDGE_CURVE('',#1208,#1108,#127,.T.);
#997=EDGE_CURVE('',#1107,#1209,#128,.T.);
#998=EDGE_CURVE('',#1210,#1209,#129,.T.);
#999=EDGE_CURVE('',#1211,#1210,#130,.T.);
#1000=EDGE_CURVE('',#1212,#1211,#131,.T.);
#1001=EDGE_CURVE('',#1212,#1207,#132,.T.);
#1002=EDGE_CURVE('',#1206,#1198,#1338,.T.);
#1003=EDGE_CURVE('',#1210,#1213,#133,.T.);
#1004=EDGE_CURVE('',#1209,#1214,#134,.T.);
#1005=EDGE_CURVE('',#1214,#1117,#135,.T.);
#1006=EDGE_CURVE('',#1215,#1196,#136,.T.);
#1007=EDGE_CURVE('',#1215,#1213,#137,.T.);
#1008=EDGE_CURVE('',#1101,#1216,#138,.T.);
#1009=EDGE_CURVE('',#1217,#1216,#1339,.F.);
#1010=EDGE_CURVE('',#1217,#1218,#139,.T.);
#1011=EDGE_CURVE('',#1219,#1218,#140,.T.);
#1012=EDGE_CURVE('',#1219,#1220,#141,.T.);
#1013=EDGE_CURVE('',#1221,#1220,#142,.T.);
#1014=EDGE_CURVE('',#1221,#1195,#143,.T.);
#1015=EDGE_CURVE('',#1111,#1222,#144,.T.);
#1016=EDGE_CURVE('',#1102,#1222,#145,.T.);
#1017=EDGE_CURVE('',#1221,#1223,#146,.T.);
#1018=EDGE_CURVE('',#1224,#1223,#147,.T.);
#1019=EDGE_CURVE('',#1224,#1215,#148,.T.);
#1020=EDGE_CURVE('',#1106,#1214,#149,.T.);
#1021=EDGE_CURVE('',#1225,#1226,#150,.T.);
#1022=EDGE_CURVE('',#1226,#1110,#151,.T.);
#1023=EDGE_CURVE('',#1109,#1225,#152,.T.);
#1024=EDGE_CURVE('',#1099,#1227,#153,.T.);
#1025=EDGE_CURVE('',#1100,#1228,#154,.T.);
#1026=EDGE_CURVE('',#1228,#1229,#155,.T.);
#1027=EDGE_CURVE('',#1229,#1230,#156,.T.);
#1028=EDGE_CURVE('',#1230,#1231,#157,.T.);
#1029=EDGE_CURVE('',#1232,#1231,#158,.T.);
#1030=EDGE_CURVE('',#1232,#1227,#1340,.F.);
#1031=EDGE_CURVE('',#1233,#1234,#159,.T.);
#1032=EDGE_CURVE('',#1234,#1235,#160,.T.);
#1033=EDGE_CURVE('',#1235,#1236,#161,.T.);
#1034=EDGE_CURVE('',#1236,#1233,#162,.T.);
#1035=EDGE_CURVE('',#1237,#1238,#1341,.T.);
#1036=EDGE_CURVE('',#1237,#1164,#163,.T.);
#1037=EDGE_CURVE('',#1238,#1173,#164,.T.);
#1038=EDGE_CURVE('',#1239,#1172,#165,.T.);
#1039=EDGE_CURVE('',#1239,#1238,#1342,.T.);
#1040=EDGE_CURVE('',#1239,#1240,#1343,.T.);
#1041=EDGE_CURVE('',#1240,#1171,#166,.T.);
#1042=EDGE_CURVE('',#1241,#1170,#167,.T.);
#1043=EDGE_CURVE('',#1241,#1240,#1344,.T.);
#1044=EDGE_CURVE('',#1241,#1242,#1345,.T.);
#1045=EDGE_CURVE('',#1242,#1169,#168,.T.);
#1046=EDGE_CURVE('',#1243,#1168,#169,.T.);
#1047=EDGE_CURVE('',#1243,#1242,#1346,.T.);
#1048=EDGE_CURVE('',#1243,#1244,#1347,.T.);
#1049=EDGE_CURVE('',#1244,#1167,#170,.T.);
#1050=EDGE_CURVE('',#1089,#1154,#171,.T.);
#1051=EDGE_CURVE('',#1091,#1163,#172,.T.);
#1052=EDGE_CURVE('',#1092,#1162,#173,.T.);
#1053=EDGE_CURVE('',#1093,#1161,#174,.T.);
#1054=EDGE_CURVE('',#1094,#1160,#175,.T.);
#1055=EDGE_CURVE('',#1095,#1159,#176,.T.);
#1056=EDGE_CURVE('',#1096,#1158,#177,.T.);
#1057=EDGE_CURVE('',#1097,#1157,#178,.T.);
#1058=EDGE_CURVE('',#1237,#1245,#1348,.T.);
#1059=EDGE_CURVE('',#1245,#1165,#179,.T.);
#1060=EDGE_CURVE('',#1090,#1155,#180,.T.);
#1061=EDGE_CURVE('',#1246,#1213,#181,.T.);
#1062=EDGE_CURVE('',#1211,#1246,#182,.T.);
#1063=EDGE_CURVE('',#1224,#1246,#183,.T.);
#1064=EDGE_CURVE('',#1098,#1156,#184,.T.);
#1065=EDGE_CURVE('',#1247,#1166,#185,.T.);
#1066=EDGE_CURVE('',#1247,#1244,#1349,.T.);
#1067=EDGE_CURVE('',#1247,#1245,#1350,.T.);
#1068=EDGE_CURVE('',#1231,#1218,#186,.T.);
#1069=EDGE_CURVE('',#1230,#1234,#187,.F.);
#1070=EDGE_CURVE('',#1233,#1212,#188,.T.);
#1071=EDGE_CURVE('',#1223,#1248,#189,.T.);
#1072=EDGE_CURVE('',#1248,#1219,#190,.T.);
#1073=EDGE_CURVE('',#1235,#1229,#191,.F.);
#1074=EDGE_CURVE('',#1228,#1226,#192,.T.);
#1075=EDGE_CURVE('',#1229,#1120,#193,.T.);
#1076=EDGE_CURVE('',#1121,#1228,#194,.T.);
#1077=EDGE_CURVE('',#1235,#1120,#195,.F.);
#1078=EDGE_CURVE('',#1121,#1226,#196,.T.);
#1079=EDGE_CURVE('',#1236,#1123,#197,.T.);
#1080=EDGE_CURVE('',#1207,#1236,#198,.T.);
#1081=EDGE_CURVE('',#1225,#1208,#199,.F.);
#1082=EDGE_CURVE('',#1122,#1225,#200,.F.);
#1083=EDGE_CURVE('',#1207,#1123,#201,.T.);
#1084=EDGE_CURVE('',#1122,#1208,#202,.T.);
#1085=EDGE_CURVE('',#1222,#1103,#203,.T.);
#1086=EDGE_CURVE('',#1220,#1248,#204,.T.);
#1087=EDGE_CURVE('',#1227,#1216,#205,.T.);
#1088=EDGE_CURVE('',#1232,#1217,#206,.T.);
#1089=VERTEX_POINT('',#2404);
#1090=VERTEX_POINT('',#2405);
#1091=VERTEX_POINT('',#2407);
#1092=VERTEX_POINT('',#2409);
#1093=VERTEX_POINT('',#2411);
#1094=VERTEX_POINT('',#2413);
#1095=VERTEX_POINT('',#2415);
#1096=VERTEX_POINT('',#2417);
#1097=VERTEX_POINT('',#2419);
#1098=VERTEX_POINT('',#2421);
#1099=VERTEX_POINT('',#2424);
#1100=VERTEX_POINT('',#2425);
#1101=VERTEX_POINT('',#2427);
#1102=VERTEX_POINT('',#2429);
#1103=VERTEX_POINT('',#2431);
#1104=VERTEX_POINT('',#2433);
#1105=VERTEX_POINT('',#2435);
#1106=VERTEX_POINT('',#2437);
#1107=VERTEX_POINT('',#2439);
#1108=VERTEX_POINT('',#2441);
#1109=VERTEX_POINT('',#2443);
#1110=VERTEX_POINT('',#2445);
#1111=VERTEX_POINT('',#2449);
#1112=VERTEX_POINT('',#2451);
#1113=VERTEX_POINT('',#2453);
#1114=VERTEX_POINT('',#2455);
#1115=VERTEX_POINT('',#2457);
#1116=VERTEX_POINT('',#2459);
#1117=VERTEX_POINT('',#2461);
#1118=VERTEX_POINT('',#2465);
#1119=VERTEX_POINT('',#2466);
#1120=VERTEX_POINT('',#2471);
#1121=VERTEX_POINT('',#2472);
#1122=VERTEX_POINT('',#2474);
#1123=VERTEX_POINT('',#2476);
#1124=VERTEX_POINT('',#2479);
#1125=VERTEX_POINT('',#2480);
#1126=VERTEX_POINT('',#2482);
#1127=VERTEX_POINT('',#2484);
#1128=VERTEX_POINT('',#2486);
#1129=VERTEX_POINT('',#2488);
#1130=VERTEX_POINT('',#2490);
#1131=VERTEX_POINT('',#2492);
#1132=VERTEX_POINT('',#2494);
#1133=VERTEX_POINT('',#2496);
#1134=VERTEX_POINT('',#2499);
#1135=VERTEX_POINT('',#2500);
#1136=VERTEX_POINT('',#2502);
#1137=VERTEX_POINT('',#2504);
#1138=VERTEX_POINT('',#2506);
#1139=VERTEX_POINT('',#2508);
#1140=VERTEX_POINT('',#2510);
#1141=VERTEX_POINT('',#2512);
#1142=VERTEX_POINT('',#2514);
#1143=VERTEX_POINT('',#2516);
#1144=VERTEX_POINT('',#2519);
#1145=VERTEX_POINT('',#2520);
#1146=VERTEX_POINT('',#2522);
#1147=VERTEX_POINT('',#2524);
#1148=VERTEX_POINT('',#2526);
#1149=VERTEX_POINT('',#2528);
#1150=VERTEX_POINT('',#2530);
#1151=VERTEX_POINT('',#2532);
#1152=VERTEX_POINT('',#2534);
#1153=VERTEX_POINT('',#2536);
#1154=VERTEX_POINT('',#2539);
#1155=VERTEX_POINT('',#2540);
#1156=VERTEX_POINT('',#2542);
#1157=VERTEX_POINT('',#2544);
#1158=VERTEX_POINT('',#2546);
#1159=VERTEX_POINT('',#2548);
#1160=VERTEX_POINT('',#2550);
#1161=VERTEX_POINT('',#2552);
#1162=VERTEX_POINT('',#2554);
#1163=VERTEX_POINT('',#2556);
#1164=VERTEX_POINT('',#2559);
#1165=VERTEX_POINT('',#2560);
#1166=VERTEX_POINT('',#2562);
#1167=VERTEX_POINT('',#2564);
#1168=VERTEX_POINT('',#2566);
#1169=VERTEX_POINT('',#2568);
#1170=VERTEX_POINT('',#2570);
#1171=VERTEX_POINT('',#2572);
#1172=VERTEX_POINT('',#2574);
#1173=VERTEX_POINT('',#2576);
#1174=VERTEX_POINT('',#2580);
#1175=VERTEX_POINT('',#2584);
#1176=VERTEX_POINT('',#2586);
#1177=VERTEX_POINT('',#2590);
#1178=VERTEX_POINT('',#2594);
#1179=VERTEX_POINT('',#2598);
#1180=VERTEX_POINT('',#2602);
#1181=VERTEX_POINT('',#2606);
#1182=VERTEX_POINT('',#2610);
#1183=VERTEX_POINT('',#2614);
#1184=VERTEX_POINT('',#2618);
#1185=VERTEX_POINT('',#2622);
#1186=VERTEX_POINT('',#2624);
#1187=VERTEX_POINT('',#2628);
#1188=VERTEX_POINT('',#2632);
#1189=VERTEX_POINT('',#2636);
#1190=VERTEX_POINT('',#2640);
#1191=VERTEX_POINT('',#2644);
#1192=VERTEX_POINT('',#2648);
#1193=VERTEX_POINT('',#2652);
#1194=VERTEX_POINT('',#2656);
#1195=VERTEX_POINT('',#2664);
#1196=VERTEX_POINT('',#2668);
#1197=VERTEX_POINT('',#2672);
#1198=VERTEX_POINT('',#2674);
#1199=VERTEX_POINT('',#2678);
#1200=VERTEX_POINT('',#2682);
#1201=VERTEX_POINT('',#2686);
#1202=VERTEX_POINT('',#2690);
#1203=VERTEX_POINT('',#2694);
#1204=VERTEX_POINT('',#2698);
#1205=VERTEX_POINT('',#2702);
#1206=VERTEX_POINT('',#2706);
#1207=VERTEX_POINT('',#2710);
#1208=VERTEX_POINT('',#2711);
#1209=VERTEX_POINT('',#2714);
#1210=VERTEX_POINT('',#2716);
#1211=VERTEX_POINT('',#2718);
#1212=VERTEX_POINT('',#2720);
#1213=VERTEX_POINT('',#2726);
#1214=VERTEX_POINT('',#2728);
#1215=VERTEX_POINT('',#2731);
#1216=VERTEX_POINT('',#2735);
#1217=VERTEX_POINT('',#2737);
#1218=VERTEX_POINT('',#2739);
#1219=VERTEX_POINT('',#2741);
#1220=VERTEX_POINT('',#2743);
#1221=VERTEX_POINT('',#2745);
#1222=VERTEX_POINT('',#2748);
#1223=VERTEX_POINT('',#2752);
#1224=VERTEX_POINT('',#2754);
#1225=VERTEX_POINT('',#2761);
#1226=VERTEX_POINT('',#2762);
#1227=VERTEX_POINT('',#2767);
#1228=VERTEX_POINT('',#2769);
#1229=VERTEX_POINT('',#2771);
#1230=VERTEX_POINT('',#2773);
#1231=VERTEX_POINT('',#2775);
#1232=VERTEX_POINT('',#2777);
#1233=VERTEX_POINT('',#2781);
#1234=VERTEX_POINT('',#2782);
#1235=VERTEX_POINT('',#2784);
#1236=VERTEX_POINT('',#2786);
#1237=VERTEX_POINT('',#2790);
#1238=VERTEX_POINT('',#2791);
#1239=VERTEX_POINT('',#2796);
#1240=VERTEX_POINT('',#2800);
#1241=VERTEX_POINT('',#2804);
#1242=VERTEX_POINT('',#2808);
#1243=VERTEX_POINT('',#2812);
#1244=VERTEX_POINT('',#2816);
#1245=VERTEX_POINT('',#2835);
#1246=VERTEX_POINT('',#2841);
#1247=VERTEX_POINT('',#2850);
#1248=VERTEX_POINT('',#2859);
#1249=CIRCLE('',#1686,0.0006);
#1250=CIRCLE('',#1687,0.0011);
#1251=CIRCLE('',#1688,0.0006);
#1252=CIRCLE('',#1689,0.0011);
#1253=CIRCLE('',#1690,0.0006);
#1254=CIRCLE('',#1691,0.0011);
#1255=CIRCLE('',#1692,0.0006);
#1256=CIRCLE('',#1693,0.0011);
#1257=CIRCLE('',#1694,0.0006);
#1258=CIRCLE('',#1695,0.0011);
#1259=CIRCLE('',#1699,0.0006);
#1260=CIRCLE('',#1700,0.0011);
#1261=CIRCLE('',#1701,0.0006);
#1262=CIRCLE('',#1702,0.00109999999999988);
#1263=CIRCLE('',#1703,0.0006);
#1264=CIRCLE('',#1704,0.00109999999999989);
#1265=CIRCLE('',#1705,0.0006);
#1266=CIRCLE('',#1706,0.00110000000000002);
#1267=CIRCLE('',#1707,0.000599999999999964);
#1268=CIRCLE('',#1708,0.00109999999999988);
#1269=CIRCLE('',#1709,0.00110000000000002);
#1270=CIRCLE('',#1710,0.0006);
#1271=CIRCLE('',#1711,0.00109999999999989);
#1272=CIRCLE('',#1712,0.0006);
#1273=CIRCLE('',#1713,0.00109999999999988);
#1274=CIRCLE('',#1714,0.0006);
#1275=CIRCLE('',#1715,0.0011);
#1276=CIRCLE('',#1716,0.0006);
#1277=CIRCLE('',#1717,0.00109999999999988);
#1278=CIRCLE('',#1718,0.000599999999999964);
#1279=CIRCLE('',#1719,0.00110000000000001);
#1280=CIRCLE('',#1720,0.0006);
#1281=CIRCLE('',#1721,0.0011);
#1282=CIRCLE('',#1722,0.0006);
#1283=CIRCLE('',#1723,0.0011);
#1284=CIRCLE('',#1724,0.0006);
#1285=CIRCLE('',#1725,0.0011);
#1286=CIRCLE('',#1726,0.0006);
#1287=CIRCLE('',#1727,0.0011);
#1288=CIRCLE('',#1728,0.0006);
#1289=CIRCLE('',#1729,0.0006);
#1290=CIRCLE('',#1730,0.0011);
#1291=CIRCLE('',#1731,0.0006);
#1292=CIRCLE('',#1732,0.0011);
#1293=CIRCLE('',#1733,0.0006);
#1294=CIRCLE('',#1734,0.0011);
#1295=CIRCLE('',#1735,0.0006);
#1296=CIRCLE('',#1736,0.0011);
#1297=CIRCLE('',#1737,0.0006);
#1298=CIRCLE('',#1738,0.0011);
#1299=CIRCLE('',#1739,0.0011);
#1300=CIRCLE('',#1740,0.0006);
#1301=CIRCLE('',#1741,0.0011);
#1302=CIRCLE('',#1742,0.0006);
#1303=CIRCLE('',#1743,0.0011);
#1304=CIRCLE('',#1744,0.0006);
#1305=CIRCLE('',#1745,0.0011);
#1306=CIRCLE('',#1746,0.0006);
#1307=CIRCLE('',#1747,0.0011);
#1308=CIRCLE('',#1748,0.0006);
#1309=CIRCLE('',#1751,0.00110000000000002);
#1310=CIRCLE('',#1753,0.000599999999999964);
#1311=CIRCLE('',#1755,0.00109999999999988);
#1312=CIRCLE('',#1757,0.0006);
#1313=CIRCLE('',#1759,0.0011);
#1314=CIRCLE('',#1761,0.0006);
#1315=CIRCLE('',#1763,0.00109999999999988);
#1316=CIRCLE('',#1765,0.0006);
#1317=CIRCLE('',#1767,0.00109999999999989);
#1318=CIRCLE('',#1769,0.0006);
#1319=CIRCLE('',#1771,0.00109999999999988);
#1320=CIRCLE('',#1773,0.000599999999999964);
#1321=CIRCLE('',#1775,0.00110000000000002);
#1322=CIRCLE('',#1777,0.0006);
#1323=CIRCLE('',#1779,0.00109999999999989);
#1324=CIRCLE('',#1781,0.0006);
#1325=CIRCLE('',#1783,0.00109999999999988);
#1326=CIRCLE('',#1785,0.0006);
#1327=CIRCLE('',#1787,0.0011);
#1328=CIRCLE('',#1789,0.0006);
#1329=CIRCLE('',#1793,0.00110000000000001);
#1330=CIRCLE('',#1795,0.0006);
#1331=CIRCLE('',#1797,0.0011);
#1332=CIRCLE('',#1799,0.0006);
#1333=CIRCLE('',#1801,0.0011);
#1334=CIRCLE('',#1803,0.0006);
#1335=CIRCLE('',#1805,0.0011);
#1336=CIRCLE('',#1807,0.0006);
#1337=CIRCLE('',#1809,0.0011);
#1338=CIRCLE('',#1812,0.0006);
#1339=CIRCLE('',#1815,0.003);
#1340=CIRCLE('',#1821,0.003);
#1341=CIRCLE('',#1824,0.0006);
#1342=CIRCLE('',#1826,0.0011);
#1343=CIRCLE('',#1828,0.0006);
#1344=CIRCLE('',#1830,0.0011);
#1345=CIRCLE('',#1832,0.0006);
#1346=CIRCLE('',#1834,0.0011);
#1347=CIRCLE('',#1836,0.0006);
#1348=CIRCLE('',#1845,0.0011);
#1349=CIRCLE('',#1852,0.0011);
#1350=CIRCLE('',#1854,0.0006);
#1351=EDGE_LOOP('',(#351,#352,#353,#354,#355,#356,#357,#358,#359,#360));
#1352=EDGE_LOOP('',(#361,#362,#363,#364,#365,#366,#367,#368,#369,#370,#371,
#372));
#1353=EDGE_LOOP('',(#373,#374,#375,#376,#377,#378,#379,#380,#381));
#1354=EDGE_LOOP('',(#382,#383,#384,#385));
#1355=EDGE_LOOP('',(#386,#387,#388,#389));
#1356=EDGE_LOOP('',(#390,#391,#392,#393,#394,#395,#396,#397,#398,#399));
#1357=EDGE_LOOP('',(#400,#401,#402,#403,#404,#405,#406,#407,#408,#409));
#1358=EDGE_LOOP('',(#410,#411,#412,#413,#414,#415,#416,#417,#418,#419));
#1359=EDGE_LOOP('',(#420,#421,#422,#423,#424,#425,#426,#427,#428,#429));
#1360=EDGE_LOOP('',(#430,#431,#432,#433,#434,#435,#436,#437,#438,#439));
#1361=EDGE_LOOP('',(#440,#441,#442,#443));
#1362=EDGE_LOOP('',(#444,#445,#446,#447));
#1363=EDGE_LOOP('',(#448,#449,#450,#451));
#1364=EDGE_LOOP('',(#452,#453,#454,#455));
#1365=EDGE_LOOP('',(#456,#457,#458,#459));
#1366=EDGE_LOOP('',(#460,#461,#462,#463));
#1367=EDGE_LOOP('',(#464,#465,#466,#467));
#1368=EDGE_LOOP('',(#468,#469,#470,#471));
#1369=EDGE_LOOP('',(#472,#473,#474,#475));
#1370=EDGE_LOOP('',(#476,#477,#478,#479));
#1371=EDGE_LOOP('',(#480,#481,#482,#483));
#1372=EDGE_LOOP('',(#484,#485,#486,#487));
#1373=EDGE_LOOP('',(#488,#489,#490,#491));
#1374=EDGE_LOOP('',(#492,#493,#494,#495));
#1375=EDGE_LOOP('',(#496,#497,#498,#499));
#1376=EDGE_LOOP('',(#500,#501,#502,#503));
#1377=EDGE_LOOP('',(#504,#505,#506,#507));
#1378=EDGE_LOOP('',(#508,#509,#510,#511));
#1379=EDGE_LOOP('',(#512,#513,#514,#515));
#1380=EDGE_LOOP('',(#516,#517,#518,#519));
#1381=EDGE_LOOP('',(#520,#521,#522,#523));
#1382=EDGE_LOOP('',(#524,#525,#526,#527));
#1383=EDGE_LOOP('',(#528,#529,#530,#531,#532,#533,#534,#535,#536,#537));
#1384=EDGE_LOOP('',(#538,#539,#540,#541,#542,#543,#544,#545,#546,#547));
#1385=EDGE_LOOP('',(#548,#549,#550,#551));
#1386=EDGE_LOOP('',(#552,#553,#554,#555));
#1387=EDGE_LOOP('',(#556,#557,#558,#559));
#1388=EDGE_LOOP('',(#560,#561,#562,#563));
#1389=EDGE_LOOP('',(#564,#565,#566,#567));
#1390=EDGE_LOOP('',(#568,#569,#570,#571));
#1391=EDGE_LOOP('',(#572,#573,#574,#575));
#1392=EDGE_LOOP('',(#576,#577,#578,#579));
#1393=EDGE_LOOP('',(#580,#581,#582,#583));
#1394=EDGE_LOOP('',(#584,#585,#586,#587));
#1395=EDGE_LOOP('',(#588,#589,#590,#591,#592,#593,#594,#595));
#1396=EDGE_LOOP('',(#596,#597,#598,#599));
#1397=EDGE_LOOP('',(#600,#601,#602,#603,#604,#605,#606,#607));
#1398=EDGE_LOOP('',(#608,#609,#610,#611,#612,#613,#614,#615,#616,#617));
#1399=EDGE_LOOP('',(#618,#619,#620,#621,#622,#623,#624,#625,#626,#627,#628,
#629));
#1400=EDGE_LOOP('',(#630,#631,#632,#633,#634,#635,#636,#637,#638));
#1401=EDGE_LOOP('',(#639,#640,#641,#642));
#1402=EDGE_LOOP('',(#643,#644,#645,#646));
#1403=EDGE_LOOP('',(#647,#648,#649,#650));
#1404=EDGE_LOOP('',(#651,#652,#653,#654,#655,#656,#657,#658));
#1405=EDGE_LOOP('',(#659,#660,#661,#662));
#1406=EDGE_LOOP('',(#663,#664,#665,#666));
#1407=EDGE_LOOP('',(#667,#668,#669,#670));
#1408=EDGE_LOOP('',(#671,#672,#673,#674));
#1409=EDGE_LOOP('',(#675,#676,#677,#678));
#1410=EDGE_LOOP('',(#679,#680,#681,#682));
#1411=EDGE_LOOP('',(#683,#684,#685,#686));
#1412=EDGE_LOOP('',(#687,#688,#689,#690));
#1413=EDGE_LOOP('',(#691,#692,#693,#694));
#1414=EDGE_LOOP('',(#695,#696,#697,#698));
#1415=EDGE_LOOP('',(#699,#700,#701,#702));
#1416=EDGE_LOOP('',(#703,#704,#705,#706));
#1417=EDGE_LOOP('',(#707,#708,#709,#710));
#1418=EDGE_LOOP('',(#711,#712,#713,#714));
#1419=EDGE_LOOP('',(#715,#716,#717,#718));
#1420=EDGE_LOOP('',(#719,#720,#721,#722));
#1421=EDGE_LOOP('',(#723,#724,#725,#726));
#1422=EDGE_LOOP('',(#727,#728,#729,#730));
#1423=EDGE_LOOP('',(#731,#732,#733,#734));
#1424=EDGE_LOOP('',(#735,#736,#737,#738));
#1425=EDGE_LOOP('',(#739,#740,#741,#742));
#1426=EDGE_LOOP('',(#743,#744,#745,#746));
#1427=EDGE_LOOP('',(#747,#748,#749,#750));
#1428=EDGE_LOOP('',(#751,#752,#753,#754,#755,#756,#757,#758,#759,#760,#761,
#762));
#1429=EDGE_LOOP('',(#763,#764,#765,#766,#767,#768,#769,#770,#771,#772));
#1430=EDGE_LOOP('',(#773,#774,#775,#776));
#1431=EDGE_LOOP('',(#777,#778,#779,#780));
#1432=EDGE_LOOP('',(#781,#782,#783,#784));
#1433=EDGE_LOOP('',(#785,#786,#787));
#1434=EDGE_LOOP('',(#788,#789,#790));
#1435=EDGE_LOOP('',(#791,#792,#793,#794));
#1436=EDGE_LOOP('',(#795,#796,#797,#798));
#1437=EDGE_LOOP('',(#799,#800,#801,#802));
#1438=EDGE_LOOP('',(#803,#804,#805,#806));
#1439=EDGE_LOOP('',(#807,#808,#809));
#1440=EDGE_LOOP('',(#810,#811,#812));
#1441=EDGE_LOOP('',(#813,#814,#815,#816));
#1442=EDGE_LOOP('',(#817,#818,#819));
#1443=EDGE_LOOP('',(#820,#821,#822,#823));
#1444=EDGE_LOOP('',(#824,#825,#826,#827));
#1445=EDGE_LOOP('',(#828,#829,#830));
#1446=EDGE_LOOP('',(#831,#832,#833,#834));
#1447=EDGE_LOOP('',(#835,#836,#837,#838));
#1448=EDGE_LOOP('',(#839,#840,#841,#842));
#1449=FACE_BOUND('',#1351,.T.);
#1450=FACE_BOUND('',#1352,.T.);
#1451=FACE_BOUND('',#1353,.T.);
#1452=FACE_BOUND('',#1354,.T.);
#1453=FACE_BOUND('',#1355,.T.);
#1454=FACE_BOUND('',#1356,.T.);
#1455=FACE_BOUND('',#1357,.T.);
#1456=FACE_BOUND('',#1358,.T.);
#1457=FACE_BOUND('',#1359,.T.);
#1458=FACE_BOUND('',#1360,.T.);
#1459=FACE_BOUND('',#1361,.T.);
#1460=FACE_BOUND('',#1362,.T.);
#1461=FACE_BOUND('',#1363,.T.);
#1462=FACE_BOUND('',#1364,.T.);
#1463=FACE_BOUND('',#1365,.T.);
#1464=FACE_BOUND('',#1366,.T.);
#1465=FACE_BOUND('',#1367,.T.);
#1466=FACE_BOUND('',#1368,.T.);
#1467=FACE_BOUND('',#1369,.T.);
#1468=FACE_BOUND('',#1370,.T.);
#1469=FACE_BOUND('',#1371,.T.);
#1470=FACE_BOUND('',#1372,.T.);
#1471=FACE_BOUND('',#1373,.T.);
#1472=FACE_BOUND('',#1374,.T.);
#1473=FACE_BOUND('',#1375,.T.);
#1474=FACE_BOUND('',#1376,.T.);
#1475=FACE_BOUND('',#1377,.T.);
#1476=FACE_BOUND('',#1378,.T.);
#1477=FACE_BOUND('',#1379,.T.);
#1478=FACE_BOUND('',#1380,.T.);
#1479=FACE_BOUND('',#1381,.T.);
#1480=FACE_BOUND('',#1382,.T.);
#1481=FACE_BOUND('',#1383,.T.);
#1482=FACE_BOUND('',#1384,.T.);
#1483=FACE_BOUND('',#1385,.T.);
#1484=FACE_BOUND('',#1386,.T.);
#1485=FACE_BOUND('',#1387,.T.);
#1486=FACE_BOUND('',#1388,.T.);
#1487=FACE_BOUND('',#1389,.T.);
#1488=FACE_BOUND('',#1390,.T.);
#1489=FACE_BOUND('',#1391,.T.);
#1490=FACE_BOUND('',#1392,.T.);
#1491=FACE_BOUND('',#1393,.T.);
#1492=FACE_BOUND('',#1394,.T.);
#1493=FACE_BOUND('',#1395,.T.);
#1494=FACE_BOUND('',#1396,.T.);
#1495=FACE_BOUND('',#1397,.T.);
#1496=FACE_BOUND('',#1398,.T.);
#1497=FACE_BOUND('',#1399,.T.);
#1498=FACE_BOUND('',#1400,.T.);
#1499=FACE_BOUND('',#1401,.T.);
#1500=FACE_BOUND('',#1402,.T.);
#1501=FACE_BOUND('',#1403,.T.);
#1502=FACE_BOUND('',#1404,.T.);
#1503=FACE_BOUND('',#1405,.T.);
#1504=FACE_BOUND('',#1406,.T.);
#1505=FACE_BOUND('',#1407,.T.);
#1506=FACE_BOUND('',#1408,.T.);
#1507=FACE_BOUND('',#1409,.T.);
#1508=FACE_BOUND('',#1410,.T.);
#1509=FACE_BOUND('',#1411,.T.);
#1510=FACE_BOUND('',#1412,.T.);
#1511=FACE_BOUND('',#1413,.T.);
#1512=FACE_BOUND('',#1414,.T.);
#1513=FACE_BOUND('',#1415,.T.);
#1514=FACE_BOUND('',#1416,.T.);
#1515=FACE_BOUND('',#1417,.T.);
#1516=FACE_BOUND('',#1418,.T.);
#1517=FACE_BOUND('',#1419,.T.);
#1518=FACE_BOUND('',#1420,.T.);
#1519=FACE_BOUND('',#1421,.T.);
#1520=FACE_BOUND('',#1422,.T.);
#1521=FACE_BOUND('',#1423,.T.);
#1522=FACE_BOUND('',#1424,.T.);
#1523=FACE_BOUND('',#1425,.T.);
#1524=FACE_BOUND('',#1426,.T.);
#1525=FACE_BOUND('',#1427,.T.);
#1526=FACE_BOUND('',#1428,.T.);
#1527=FACE_BOUND('',#1429,.T.);
#1528=FACE_BOUND('',#1430,.T.);
#1529=FACE_BOUND('',#1431,.T.);
#1530=FACE_BOUND('',#1432,.T.);
#1531=FACE_BOUND('',#1433,.T.);
#1532=FACE_BOUND('',#1434,.T.);
#1533=FACE_BOUND('',#1435,.T.);
#1534=FACE_BOUND('',#1436,.T.);
#1535=FACE_BOUND('',#1437,.T.);
#1536=FACE_BOUND('',#1438,.T.);
#1537=FACE_BOUND('',#1439,.T.);
#1538=FACE_BOUND('',#1440,.T.);
#1539=FACE_BOUND('',#1441,.T.);
#1540=FACE_BOUND('',#1442,.T.);
#1541=FACE_BOUND('',#1443,.T.);
#1542=FACE_BOUND('',#1444,.T.);
#1543=FACE_BOUND('',#1445,.T.);
#1544=FACE_BOUND('',#1446,.T.);
#1545=FACE_BOUND('',#1447,.T.);
#1546=FACE_BOUND('',#1448,.T.);
#1547=PLANE('',#1685);
#1548=PLANE('',#1696);
#1549=PLANE('',#1697);
#1550=PLANE('',#1698);
#1551=PLANE('',#1749);
#1552=PLANE('',#1790);
#1553=PLANE('',#1791);
#1554=PLANE('',#1810);
#1555=PLANE('',#1813);
#1556=PLANE('',#1814);
#1557=PLANE('',#1816);
#1558=PLANE('',#1817);
#1559=PLANE('',#1818);
#1560=PLANE('',#1819);
#1561=PLANE('',#1820);
#1562=PLANE('',#1822);
#1563=PLANE('',#1847);
#1564=PLANE('',#1848);
#1565=PLANE('',#1855);
#1566=PLANE('',#1856);
#1567=PLANE('',#1857);
#1568=PLANE('',#1858);
#1569=PLANE('',#1859);
#1570=PLANE('',#1860);
#1571=PLANE('',#1861);
#1572=PLANE('',#1862);
#1573=PLANE('',#1863);
#1574=PLANE('',#1864);
#1575=PLANE('',#1865);
#1576=PLANE('',#1866);
#1577=PLANE('',#1867);
#1578=PLANE('',#1868);
#1579=PLANE('',#1869);
#1580=PLANE('',#1870);
#1581=PLANE('',#1871);
#1582=PLANE('',#1872);
#1583=PLANE('',#1874);
#1584=ADVANCED_FACE('',(#1449,#1450),#1547,.T.);
#1585=ADVANCED_FACE('',(#1451),#1548,.T.);
#1586=ADVANCED_FACE('',(#1452),#1549,.T.);
#1587=ADVANCED_FACE('',(#1453,#1454,#1455,#1456,#1457,#1458),#1550,.F.);
#1588=ADVANCED_FACE('',(#1459),#1551,.F.);
#1589=ADVANCED_FACE('',(#1460),#12,.F.);
#1590=ADVANCED_FACE('',(#1461),#13,.T.);
#1591=ADVANCED_FACE('',(#1462),#14,.F.);
#1592=ADVANCED_FACE('',(#1463),#15,.T.);
#1593=ADVANCED_FACE('',(#1464),#16,.F.);
#1594=ADVANCED_FACE('',(#1465),#17,.T.);
#1595=ADVANCED_FACE('',(#1466),#18,.F.);
#1596=ADVANCED_FACE('',(#1467),#19,.T.);
#1597=ADVANCED_FACE('',(#1468),#20,.F.);
#1598=ADVANCED_FACE('',(#1469),#21,.T.);
#1599=ADVANCED_FACE('',(#1470),#22,.F.);
#1600=ADVANCED_FACE('',(#1471),#23,.T.);
#1601=ADVANCED_FACE('',(#1472),#24,.F.);
#1602=ADVANCED_FACE('',(#1473),#25,.T.);
#1603=ADVANCED_FACE('',(#1474),#26,.F.);
#1604=ADVANCED_FACE('',(#1475),#27,.T.);
#1605=ADVANCED_FACE('',(#1476),#28,.F.);
#1606=ADVANCED_FACE('',(#1477),#29,.T.);
#1607=ADVANCED_FACE('',(#1478),#30,.F.);
#1608=ADVANCED_FACE('',(#1479),#31,.T.);
#1609=ADVANCED_FACE('',(#1480,#1481,#1482),#1552,.T.);
#1610=ADVANCED_FACE('',(#1483),#1553,.T.);
#1611=ADVANCED_FACE('',(#1484),#32,.F.);
#1612=ADVANCED_FACE('',(#1485),#33,.T.);
#1613=ADVANCED_FACE('',(#1486),#34,.F.);
#1614=ADVANCED_FACE('',(#1487),#35,.T.);
#1615=ADVANCED_FACE('',(#1488),#36,.F.);
#1616=ADVANCED_FACE('',(#1489),#37,.T.);
#1617=ADVANCED_FACE('',(#1490),#38,.F.);
#1618=ADVANCED_FACE('',(#1491),#39,.T.);
#1619=ADVANCED_FACE('',(#1492),#40,.F.);
#1620=ADVANCED_FACE('',(#1493),#1554,.F.);
#1621=ADVANCED_FACE('',(#1494),#41,.T.);
#1622=ADVANCED_FACE('',(#1495,#1496),#1555,.T.);
#1623=ADVANCED_FACE('',(#1497),#1556,.F.);
#1624=ADVANCED_FACE('',(#1498),#1557,.F.);
#1625=ADVANCED_FACE('',(#1499),#1558,.T.);
#1626=ADVANCED_FACE('',(#1500),#1559,.T.);
#1627=ADVANCED_FACE('',(#1501),#1560,.F.);
#1628=ADVANCED_FACE('',(#1502),#1561,.T.);
#1629=ADVANCED_FACE('',(#1503),#1562,.T.);
#1630=ADVANCED_FACE('',(#1504),#42,.T.);
#1631=ADVANCED_FACE('',(#1505),#43,.F.);
#1632=ADVANCED_FACE('',(#1506),#44,.T.);
#1633=ADVANCED_FACE('',(#1507),#45,.F.);
#1634=ADVANCED_FACE('',(#1508),#46,.T.);
#1635=ADVANCED_FACE('',(#1509),#47,.F.);
#1636=ADVANCED_FACE('',(#1510),#48,.T.);
#1637=ADVANCED_FACE('',(#1511),#49,.F.);
#1638=ADVANCED_FACE('',(#1512),#50,.T.);
#1639=ADVANCED_FACE('',(#1513),#51,.F.);
#1640=ADVANCED_FACE('',(#1514),#52,.T.);
#1641=ADVANCED_FACE('',(#1515),#53,.F.);
#1642=ADVANCED_FACE('',(#1516),#54,.T.);
#1643=ADVANCED_FACE('',(#1517),#55,.F.);
#1644=ADVANCED_FACE('',(#1518),#56,.F.);
#1645=ADVANCED_FACE('',(#1519),#57,.T.);
#1646=ADVANCED_FACE('',(#1520),#1563,.F.);
#1647=ADVANCED_FACE('',(#1521),#1564,.T.);
#1648=ADVANCED_FACE('',(#1522),#58,.T.);
#1649=ADVANCED_FACE('',(#1523),#59,.F.);
#1650=ADVANCED_FACE('',(#1524),#60,.F.);
#1651=ADVANCED_FACE('',(#1525),#61,.T.);
#1652=ADVANCED_FACE('',(#1526,#1527),#1565,.T.);
#1653=ADVANCED_FACE('',(#1528),#1566,.F.);
#1654=ADVANCED_FACE('',(#1529),#1567,.T.);
#1655=ADVANCED_FACE('',(#1530),#1568,.T.);
#1656=ADVANCED_FACE('',(#1531),#1569,.T.);
#1657=ADVANCED_FACE('',(#1532),#1570,.T.);
#1658=ADVANCED_FACE('',(#1533),#1571,.T.);
#1659=ADVANCED_FACE('',(#1534),#1572,.T.);
#1660=ADVANCED_FACE('',(#1535),#1573,.F.);
#1661=ADVANCED_FACE('',(#1536),#1574,.F.);
#1662=ADVANCED_FACE('',(#1537),#1575,.T.);
#1663=ADVANCED_FACE('',(#1538),#1576,.T.);
#1664=ADVANCED_FACE('',(#1539),#1577,.F.);
#1665=ADVANCED_FACE('',(#1540),#1578,.F.);
#1666=ADVANCED_FACE('',(#1541),#1579,.T.);
#1667=ADVANCED_FACE('',(#1542),#1580,.F.);
#1668=ADVANCED_FACE('',(#1543),#1581,.T.);
#1669=ADVANCED_FACE('',(#1544),#1582,.F.);
#1670=ADVANCED_FACE('',(#1545),#62,.F.);
#1671=ADVANCED_FACE('',(#1546),#1583,.F.);
#1672=CLOSED_SHELL('',(#1584,#1585,#1586,#1587,#1588,#1589,#1590,#1591,
#1592,#1593,#1594,#1595,#1596,#1597,#1598,#1599,#1600,#1601,#1602,#1603,
#1604,#1605,#1606,#1607,#1608,#1609,#1610,#1611,#1612,#1613,#1614,#1615,
#1616,#1617,#1618,#1619,#1620,#1621,#1622,#1623,#1624,#1625,#1626,#1627,
#1628,#1629,#1630,#1631,#1632,#1633,#1634,#1635,#1636,#1637,#1638,#1639,
#1640,#1641,#1642,#1643,#1644,#1645,#1646,#1647,#1648,#1649,#1650,#1651,
#1652,#1653,#1654,#1655,#1656,#1657,#1658,#1659,#1660,#1661,#1662,#1663,
#1664,#1665,#1666,#1667,#1668,#1669,#1670,#1671));
#1673=STYLED_ITEM('',(#1674),#1681);
#1674=PRESENTATION_STYLE_ASSIGNMENT((#1675));
#1675=SURFACE_STYLE_USAGE(.BOTH.,#1676);
#1676=SURFACE_SIDE_STYLE('',(#1677));
#1677=SURFACE_STYLE_FILL_AREA(#1678);
#1678=FILL_AREA_STYLE('',(#1679));
#1679=FILL_AREA_STYLE_COLOUR('',#1680);
#1680=DRAUGHTING_PRE_DEFINED_COLOUR('white');
#1681=MANIFOLD_SOLID_BREP('Body',#1672);
#1682=SHAPE_DEFINITION_REPRESENTATION(#2902,#1683);
#1683=SHAPE_REPRESENTATION('Body',(#1684),#2897);
#1684=AXIS2_PLACEMENT_3D('',#2401,#1875,#1876);
#1685=AXIS2_PLACEMENT_3D('',#2402,#1877,#1878);
#1686=AXIS2_PLACEMENT_3D('',#2403,#1879,#1880);
#1687=AXIS2_PLACEMENT_3D('',#2406,#1881,#1882);
#1688=AXIS2_PLACEMENT_3D('',#2408,#1883,#1884);
#1689=AXIS2_PLACEMENT_3D('',#2410,#1885,#1886);
#1690=AXIS2_PLACEMENT_3D('',#2412,#1887,#1888);
#1691=AXIS2_PLACEMENT_3D('',#2414,#1889,#1890);
#1692=AXIS2_PLACEMENT_3D('',#2416,#1891,#1892);
#1693=AXIS2_PLACEMENT_3D('',#2418,#1893,#1894);
#1694=AXIS2_PLACEMENT_3D('',#2420,#1895,#1896);
#1695=AXIS2_PLACEMENT_3D('',#2422,#1897,#1898);
#1696=AXIS2_PLACEMENT_3D('',#2447,#1911,#1912);
#1697=AXIS2_PLACEMENT_3D('',#2463,#1921,#1922);
#1698=AXIS2_PLACEMENT_3D('',#2469,#1926,#1927);
#1699=AXIS2_PLACEMENT_3D('',#2478,#1932,#1933);
#1700=AXIS2_PLACEMENT_3D('',#2481,#1934,#1935);
#1701=AXIS2_PLACEMENT_3D('',#2483,#1936,#1937);
#1702=AXIS2_PLACEMENT_3D('',#2485,#1938,#1939);
#1703=AXIS2_PLACEMENT_3D('',#2487,#1940,#1941);
#1704=AXIS2_PLACEMENT_3D('',#2489,#1942,#1943);
#1705=AXIS2_PLACEMENT_3D('',#2491,#1944,#1945);
#1706=AXIS2_PLACEMENT_3D('',#2493,#1946,#1947);
#1707=AXIS2_PLACEMENT_3D('',#2495,#1948,#1949);
#1708=AXIS2_PLACEMENT_3D('',#2497,#1950,#1951);
#1709=AXIS2_PLACEMENT_3D('',#2498,#1952,#1953);
#1710=AXIS2_PLACEMENT_3D('',#2501,#1954,#1955);
#1711=AXIS2_PLACEMENT_3D('',#2503,#1956,#1957);
#1712=AXIS2_PLACEMENT_3D('',#2505,#1958,#1959);
#1713=AXIS2_PLACEMENT_3D('',#2507,#1960,#1961);
#1714=AXIS2_PLACEMENT_3D('',#2509,#1962,#1963);
#1715=AXIS2_PLACEMENT_3D('',#2511,#1964,#1965);
#1716=AXIS2_PLACEMENT_3D('',#2513,#1966,#1967);
#1717=AXIS2_PLACEMENT_3D('',#2515,#1968,#1969);
#1718=AXIS2_PLACEMENT_3D('',#2517,#1970,#1971);
#1719=AXIS2_PLACEMENT_3D('',#2518,#1972,#1973);
#1720=AXIS2_PLACEMENT_3D('',#2521,#1974,#1975);
#1721=AXIS2_PLACEMENT_3D('',#2523,#1976,#1977);
#1722=AXIS2_PLACEMENT_3D('',#2525,#1978,#1979);
#1723=AXIS2_PLACEMENT_3D('',#2527,#1980,#1981);
#1724=AXIS2_PLACEMENT_3D('',#2529,#1982,#1983);
#1725=AXIS2_PLACEMENT_3D('',#2531,#1984,#1985);
#1726=AXIS2_PLACEMENT_3D('',#2533,#1986,#1987);
#1727=AXIS2_PLACEMENT_3D('',#2535,#1988,#1989);
#1728=AXIS2_PLACEMENT_3D('',#2537,#1990,#1991);
#1729=AXIS2_PLACEMENT_3D('',#2538,#1992,#1993);
#1730=AXIS2_PLACEMENT_3D('',#2541,#1994,#1995);
#1731=AXIS2_PLACEMENT_3D('',#2543,#1996,#1997);
#1732=AXIS2_PLACEMENT_3D('',#2545,#1998,#1999);
#1733=AXIS2_PLACEMENT_3D('',#2547,#2000,#2001);
#1734=AXIS2_PLACEMENT_3D('',#2549,#2002,#2003);
#1735=AXIS2_PLACEMENT_3D('',#2551,#2004,#2005);
#1736=AXIS2_PLACEMENT_3D('',#2553,#2006,#2007);
#1737=AXIS2_PLACEMENT_3D('',#2555,#2008,#2009);
#1738=AXIS2_PLACEMENT_3D('',#2557,#2010,#2011);
#1739=AXIS2_PLACEMENT_3D('',#2558,#2012,#2013);
#1740=AXIS2_PLACEMENT_3D('',#2561,#2014,#2015);
#1741=AXIS2_PLACEMENT_3D('',#2563,#2016,#2017);
#1742=AXIS2_PLACEMENT_3D('',#2565,#2018,#2019);
#1743=AXIS2_PLACEMENT_3D('',#2567,#2020,#2021);
#1744=AXIS2_PLACEMENT_3D('',#2569,#2022,#2023);
#1745=AXIS2_PLACEMENT_3D('',#2571,#2024,#2025);
#1746=AXIS2_PLACEMENT_3D('',#2573,#2026,#2027);
#1747=AXIS2_PLACEMENT_3D('',#2575,#2028,#2029);
#1748=AXIS2_PLACEMENT_3D('',#2577,#2030,#2031);
#1749=AXIS2_PLACEMENT_3D('',#2578,#2032,#2033);
#1750=AXIS2_PLACEMENT_3D('',#2582,#2036,#2037);
#1751=AXIS2_PLACEMENT_3D('',#2585,#2039,#2040);
#1752=AXIS2_PLACEMENT_3D('',#2588,#2042,#2043);
#1753=AXIS2_PLACEMENT_3D('',#2591,#2045,#2046);
#1754=AXIS2_PLACEMENT_3D('',#2592,#2047,#2048);
#1755=AXIS2_PLACEMENT_3D('',#2595,#2050,#2051);
#1756=AXIS2_PLACEMENT_3D('',#2596,#2052,#2053);
#1757=AXIS2_PLACEMENT_3D('',#2599,#2055,#2056);
#1758=AXIS2_PLACEMENT_3D('',#2600,#2057,#2058);
#1759=AXIS2_PLACEMENT_3D('',#2603,#2060,#2061);
#1760=AXIS2_PLACEMENT_3D('',#2604,#2062,#2063);
#1761=AXIS2_PLACEMENT_3D('',#2607,#2065,#2066);
#1762=AXIS2_PLACEMENT_3D('',#2608,#2067,#2068);
#1763=AXIS2_PLACEMENT_3D('',#2611,#2070,#2071);
#1764=AXIS2_PLACEMENT_3D('',#2612,#2072,#2073);
#1765=AXIS2_PLACEMENT_3D('',#2615,#2075,#2076);
#1766=AXIS2_PLACEMENT_3D('',#2616,#2077,#2078);
#1767=AXIS2_PLACEMENT_3D('',#2619,#2080,#2081);
#1768=AXIS2_PLACEMENT_3D('',#2620,#2082,#2083);
#1769=AXIS2_PLACEMENT_3D('',#2623,#2085,#2086);
#1770=AXIS2_PLACEMENT_3D('',#2626,#2088,#2089);
#1771=AXIS2_PLACEMENT_3D('',#2629,#2091,#2092);
#1772=AXIS2_PLACEMENT_3D('',#2630,#2093,#2094);
#1773=AXIS2_PLACEMENT_3D('',#2633,#2096,#2097);
#1774=AXIS2_PLACEMENT_3D('',#2634,#2098,#2099);
#1775=AXIS2_PLACEMENT_3D('',#2637,#2101,#2102);
#1776=AXIS2_PLACEMENT_3D('',#2638,#2103,#2104);
#1777=AXIS2_PLACEMENT_3D('',#2641,#2106,#2107);
#1778=AXIS2_PLACEMENT_3D('',#2642,#2108,#2109);
#1779=AXIS2_PLACEMENT_3D('',#2645,#2111,#2112);
#1780=AXIS2_PLACEMENT_3D('',#2646,#2113,#2114);
#1781=AXIS2_PLACEMENT_3D('',#2649,#2116,#2117);
#1782=AXIS2_PLACEMENT_3D('',#2650,#2118,#2119);
#1783=AXIS2_PLACEMENT_3D('',#2653,#2121,#2122);
#1784=AXIS2_PLACEMENT_3D('',#2654,#2123,#2124);
#1785=AXIS2_PLACEMENT_3D('',#2657,#2126,#2127);
#1786=AXIS2_PLACEMENT_3D('',#2658,#2128,#2129);
#1787=AXIS2_PLACEMENT_3D('',#2659,#2130,#2131);
#1788=AXIS2_PLACEMENT_3D('',#2660,#2132,#2133);
#1789=AXIS2_PLACEMENT_3D('',#2661,#2134,#2135);
#1790=AXIS2_PLACEMENT_3D('',#2662,#2136,#2137);
#1791=AXIS2_PLACEMENT_3D('',#2666,#2140,#2141);
#1792=AXIS2_PLACEMENT_3D('',#2670,#2144,#2145);
#1793=AXIS2_PLACEMENT_3D('',#2673,#2147,#2148);
#1794=AXIS2_PLACEMENT_3D('',#2676,#2150,#2151);
#1795=AXIS2_PLACEMENT_3D('',#2679,#2153,#2154);
#1796=AXIS2_PLACEMENT_3D('',#2680,#2155,#2156);
#1797=AXIS2_PLACEMENT_3D('',#2683,#2158,#2159);
#1798=AXIS2_PLACEMENT_3D('',#2684,#2160,#2161);
#1799=AXIS2_PLACEMENT_3D('',#2687,#2163,#2164);
#1800=AXIS2_PLACEMENT_3D('',#2688,#2165,#2166);
#1801=AXIS2_PLACEMENT_3D('',#2691,#2168,#2169);
#1802=AXIS2_PLACEMENT_3D('',#2692,#2170,#2171);
#1803=AXIS2_PLACEMENT_3D('',#2695,#2173,#2174);
#1804=AXIS2_PLACEMENT_3D('',#2696,#2175,#2176);
#1805=AXIS2_PLACEMENT_3D('',#2699,#2178,#2179);
#1806=AXIS2_PLACEMENT_3D('',#2700,#2180,#2181);
#1807=AXIS2_PLACEMENT_3D('',#2703,#2183,#2184);
#1808=AXIS2_PLACEMENT_3D('',#2704,#2185,#2186);
#1809=AXIS2_PLACEMENT_3D('',#2707,#2188,#2189);
#1810=AXIS2_PLACEMENT_3D('',#2708,#2190,#2191);
#1811=AXIS2_PLACEMENT_3D('',#2722,#2199,#2200);
#1812=AXIS2_PLACEMENT_3D('',#2723,#2201,#2202);
#1813=AXIS2_PLACEMENT_3D('',#2724,#2203,#2204);
#1814=AXIS2_PLACEMENT_3D('',#2733,#2210,#2211);
#1815=AXIS2_PLACEMENT_3D('',#2736,#2213,#2214);
#1816=AXIS2_PLACEMENT_3D('',#2750,#2222,#2223);
#1817=AXIS2_PLACEMENT_3D('',#2756,#2227,#2228);
#1818=AXIS2_PLACEMENT_3D('',#2758,#2230,#2231);
#1819=AXIS2_PLACEMENT_3D('',#2759,#2232,#2233);
#1820=AXIS2_PLACEMENT_3D('',#2765,#2237,#2238);
#1821=AXIS2_PLACEMENT_3D('',#2778,#2245,#2246);
#1822=AXIS2_PLACEMENT_3D('',#2779,#2247,#2248);
#1823=AXIS2_PLACEMENT_3D('',#2788,#2253,#2254);
#1824=AXIS2_PLACEMENT_3D('',#2789,#2255,#2256);
#1825=AXIS2_PLACEMENT_3D('',#2794,#2259,#2260);
#1826=AXIS2_PLACEMENT_3D('',#2797,#2262,#2263);
#1827=AXIS2_PLACEMENT_3D('',#2798,#2264,#2265);
#1828=AXIS2_PLACEMENT_3D('',#2799,#2266,#2267);
#1829=AXIS2_PLACEMENT_3D('',#2802,#2269,#2270);
#1830=AXIS2_PLACEMENT_3D('',#2805,#2272,#2273);
#1831=AXIS2_PLACEMENT_3D('',#2806,#2274,#2275);
#1832=AXIS2_PLACEMENT_3D('',#2807,#2276,#2277);
#1833=AXIS2_PLACEMENT_3D('',#2810,#2279,#2280);
#1834=AXIS2_PLACEMENT_3D('',#2813,#2282,#2283);
#1835=AXIS2_PLACEMENT_3D('',#2814,#2284,#2285);
#1836=AXIS2_PLACEMENT_3D('',#2815,#2286,#2287);
#1837=AXIS2_PLACEMENT_3D('',#2818,#2289,#2290);
#1838=AXIS2_PLACEMENT_3D('',#2821,#2293,#2294);
#1839=AXIS2_PLACEMENT_3D('',#2823,#2296,#2297);
#1840=AXIS2_PLACEMENT_3D('',#2825,#2299,#2300);
#1841=AXIS2_PLACEMENT_3D('',#2827,#2302,#2303);
#1842=AXIS2_PLACEMENT_3D('',#2829,#2305,#2306);
#1843=AXIS2_PLACEMENT_3D('',#2831,#2308,#2309);
#1844=AXIS2_PLACEMENT_3D('',#2833,#2311,#2312);
#1845=AXIS2_PLACEMENT_3D('',#2834,#2313,#2314);
#1846=AXIS2_PLACEMENT_3D('',#2837,#2316,#2317);
#1847=AXIS2_PLACEMENT_3D('',#2839,#2319,#2320);
#1848=AXIS2_PLACEMENT_3D('',#2843,#2323,#2324);
#1849=AXIS2_PLACEMENT_3D('',#2845,#2326,#2327);
#1850=AXIS2_PLACEMENT_3D('',#2847,#2329,#2330);
#1851=AXIS2_PLACEMENT_3D('',#2848,#2331,#2332);
#1852=AXIS2_PLACEMENT_3D('',#2851,#2334,#2335);
#1853=AXIS2_PLACEMENT_3D('',#2852,#2336,#2337);
#1854=AXIS2_PLACEMENT_3D('',#2853,#2338,#2339);
#1855=AXIS2_PLACEMENT_3D('',#2854,#2340,#2341);
#1856=AXIS2_PLACEMENT_3D('',#2861,#2347,#2348);
#1857=AXIS2_PLACEMENT_3D('',#2863,#2350,#2351);
#1858=AXIS2_PLACEMENT_3D('',#2865,#2353,#2354);
#1859=AXIS2_PLACEMENT_3D('',#2868,#2357,#2358);
#1860=AXIS2_PLACEMENT_3D('',#2870,#2360,#2361);
#1861=AXIS2_PLACEMENT_3D('',#2872,#2363,#2364);
#1862=AXIS2_PLACEMENT_3D('',#2874,#2366,#2367);
#1863=AXIS2_PLACEMENT_3D('',#2876,#2369,#2370);
#1864=AXIS2_PLACEMENT_3D('',#2878,#2372,#2373);
#1865=AXIS2_PLACEMENT_3D('',#2880,#2375,#2376);
#1866=AXIS2_PLACEMENT_3D('',#2882,#2378,#2379);
#1867=AXIS2_PLACEMENT_3D('',#2884,#2381,#2382);
#1868=AXIS2_PLACEMENT_3D('',#2885,#2383,#2384);
#1869=AXIS2_PLACEMENT_3D('',#2887,#2386,#2387);
#1870=AXIS2_PLACEMENT_3D('',#2888,#2388,#2389);
#1871=AXIS2_PLACEMENT_3D('',#2890,#2391,#2392);
#1872=AXIS2_PLACEMENT_3D('',#2891,#2393,#2394);
#1873=AXIS2_PLACEMENT_3D('',#2893,#2396,#2397);
#1874=AXIS2_PLACEMENT_3D('',#2895,#2399,#2400);
#1875=DIRECTION('',(0.,0.,1.));
#1876=DIRECTION('',(1.,0.,0.));
#1877=DIRECTION('',(0.,0.,1.));
#1878=DIRECTION('',(1.,0.,0.));
#1879=DIRECTION('',(0.,0.,1.));
#1880=DIRECTION('',(1.,0.,0.));
#1881=DIRECTION('',(0.,0.,1.));
#1882=DIRECTION('',(1.,0.,0.));
#1883=DIRECTION('',(0.,0.,1.));
#1884=DIRECTION('',(1.,0.,0.));
#1885=DIRECTION('',(0.,0.,1.));
#1886=DIRECTION('',(1.,0.,0.));
#1887=DIRECTION('',(0.,0.,1.));
#1888=DIRECTION('',(1.,0.,0.));
#1889=DIRECTION('',(0.,0.,1.));
#1890=DIRECTION('',(1.,0.,0.));
#1891=DIRECTION('',(0.,0.,1.));
#1892=DIRECTION('',(1.,0.,0.));
#1893=DIRECTION('',(0.,0.,1.));
#1894=DIRECTION('',(1.,0.,0.));
#1895=DIRECTION('',(0.,0.,1.));
#1896=DIRECTION('',(1.,0.,0.));
#1897=DIRECTION('',(0.,0.,1.));
#1898=DIRECTION('',(1.,0.,0.));
#1899=DIRECTION('',(0.,-1.,0.));
#1900=DIRECTION('',(-1.,0.,0.));
#1901=DIRECTION('',(0.,-1.,0.));
#1902=DIRECTION('',(1.,0.,0.));
#1903=DIRECTION('',(0.,1.,0.));
#1904=DIRECTION('',(1.,0.,0.));
#1905=DIRECTION('',(-8.34001671142696E-17,-1.,0.));
#1906=DIRECTION('',(1.,1.39897054514259E-16,0.));
#1907=DIRECTION('',(0.,-1.,0.));
#1908=DIRECTION('',(-0.707106781186548,0.707106781186548,0.));
#1909=DIRECTION('',(1.,0.,0.));
#1910=DIRECTION('',(0.707106781186548,0.707106781186548,0.));
#1911=DIRECTION('',(0.,1.,0.));
#1912=DIRECTION('',(0.,0.,1.));
#1913=DIRECTION('',(0.707106781186548,0.,-0.707106781186548));
#1914=DIRECTION('',(0.,0.,-1.));
#1915=DIRECTION('',(1.,0.,0.));
#1916=DIRECTION('',(0.,0.,-1.));
#1917=DIRECTION('',(1.,0.,0.));
#1918=DIRECTION('',(0.,0.,-1.));
#1919=DIRECTION('',(1.,0.,0.));
#1920=DIRECTION('',(0.,0.,-1.));
#1921=DIRECTION('',(0.,0.,1.));
#1922=DIRECTION('',(1.,0.,0.));
#1923=DIRECTION('',(1.,0.,0.));
#1924=DIRECTION('',(-1.11200222819026E-16,-1.,0.));
#1925=DIRECTION('',(0.,-1.,0.));
#1926=DIRECTION('',(0.,0.,1.));
#1927=DIRECTION('',(1.,0.,0.));
#1928=DIRECTION('',(0.,-1.,0.));
#1929=DIRECTION('',(-1.,0.,0.));
#1930=DIRECTION('',(0.,1.,0.));
#1931=DIRECTION('',(1.,0.,0.));
#1932=DIRECTION('',(0.,0.,-1.));
#1933=DIRECTION('',(1.,0.,0.));
#1934=DIRECTION('',(0.,0.,-1.));
#1935=DIRECTION('',(1.,0.,0.));
#1936=DIRECTION('',(0.,0.,-1.));
#1937=DIRECTION('',(1.,0.,0.));
#1938=DIRECTION('',(0.,0.,-1.));
#1939=DIRECTION('',(1.,0.,0.));
#1940=DIRECTION('',(0.,0.,-1.));
#1941=DIRECTION('',(1.,0.,0.));
#1942=DIRECTION('',(0.,0.,-1.));
#1943=DIRECTION('',(1.,0.,0.));
#1944=DIRECTION('',(0.,0.,-1.));
#1945=DIRECTION('',(1.,0.,0.));
#1946=DIRECTION('',(0.,0.,-1.));
#1947=DIRECTION('',(1.,0.,0.));
#1948=DIRECTION('',(0.,0.,-1.));
#1949=DIRECTION('',(1.,0.,0.));
#1950=DIRECTION('',(0.,0.,-1.));
#1951=DIRECTION('',(1.,0.,0.));
#1952=DIRECTION('',(0.,0.,1.));
#1953=DIRECTION('',(1.,0.,0.));
#1954=DIRECTION('',(0.,0.,1.));
#1955=DIRECTION('',(1.,0.,0.));
#1956=DIRECTION('',(0.,0.,1.));
#1957=DIRECTION('',(1.,0.,0.));
#1958=DIRECTION('',(0.,0.,1.));
#1959=DIRECTION('',(1.,0.,0.));
#1960=DIRECTION('',(0.,0.,1.));
#1961=DIRECTION('',(1.,0.,0.));
#1962=DIRECTION('',(0.,0.,1.));
#1963=DIRECTION('',(1.,0.,0.));
#1964=DIRECTION('',(0.,0.,1.));
#1965=DIRECTION('',(1.,0.,0.));
#1966=DIRECTION('',(0.,0.,1.));
#1967=DIRECTION('',(1.,0.,0.));
#1968=DIRECTION('',(0.,0.,1.));
#1969=DIRECTION('',(1.,0.,0.));
#1970=DIRECTION('',(0.,0.,1.));
#1971=DIRECTION('',(1.,0.,0.));
#1972=DIRECTION('',(0.,0.,1.));
#1973=DIRECTION('',(1.,0.,0.));
#1974=DIRECTION('',(0.,0.,1.));
#1975=DIRECTION('',(1.,0.,0.));
#1976=DIRECTION('',(0.,0.,1.));
#1977=DIRECTION('',(1.,0.,0.));
#1978=DIRECTION('',(0.,0.,1.));
#1979=DIRECTION('',(1.,0.,0.));
#1980=DIRECTION('',(0.,0.,1.));
#1981=DIRECTION('',(1.,0.,0.));
#1982=DIRECTION('',(0.,0.,1.));
#1983=DIRECTION('',(1.,0.,0.));
#1984=DIRECTION('',(0.,0.,1.));
#1985=DIRECTION('',(1.,0.,0.));
#1986=DIRECTION('',(0.,0.,1.));
#1987=DIRECTION('',(1.,0.,0.));
#1988=DIRECTION('',(0.,0.,1.));
#1989=DIRECTION('',(1.,0.,0.));
#1990=DIRECTION('',(0.,0.,1.));
#1991=DIRECTION('',(1.,0.,0.));
#1992=DIRECTION('',(0.,0.,-1.));
#1993=DIRECTION('',(1.,0.,0.));
#1994=DIRECTION('',(0.,0.,-1.));
#1995=DIRECTION('',(1.,0.,0.));
#1996=DIRECTION('',(0.,0.,-1.));
#1997=DIRECTION('',(1.,0.,0.));
#1998=DIRECTION('',(0.,0.,-1.));
#1999=DIRECTION('',(1.,0.,0.));
#2000=DIRECTION('',(0.,0.,-1.));
#2001=DIRECTION('',(1.,0.,0.));
#2002=DIRECTION('',(0.,0.,-1.));
#2003=DIRECTION('',(1.,0.,0.));
#2004=DIRECTION('',(0.,0.,-1.));
#2005=DIRECTION('',(1.,0.,0.));
#2006=DIRECTION('',(0.,0.,-1.));
#2007=DIRECTION('',(1.,0.,0.));
#2008=DIRECTION('',(0.,0.,-1.));
#2009=DIRECTION('',(1.,0.,0.));
#2010=DIRECTION('',(0.,0.,-1.));
#2011=DIRECTION('',(1.,0.,0.));
#2012=DIRECTION('',(0.,0.,1.));
#2013=DIRECTION('',(1.,0.,0.));
#2014=DIRECTION('',(0.,0.,1.));
#2015=DIRECTION('',(1.,0.,0.));
#2016=DIRECTION('',(0.,0.,1.));
#2017=DIRECTION('',(1.,0.,0.));
#2018=DIRECTION('',(0.,0.,1.));
#2019=DIRECTION('',(1.,0.,0.));
#2020=DIRECTION('',(0.,0.,1.));
#2021=DIRECTION('',(1.,0.,0.));
#2022=DIRECTION('',(0.,0.,1.));
#2023=DIRECTION('',(1.,0.,0.));
#2024=DIRECTION('',(0.,0.,1.));
#2025=DIRECTION('',(1.,0.,0.));
#2026=DIRECTION('',(0.,0.,1.));
#2027=DIRECTION('',(1.,0.,0.));
#2028=DIRECTION('',(0.,0.,1.));
#2029=DIRECTION('',(1.,0.,0.));
#2030=DIRECTION('',(0.,0.,1.));
#2031=DIRECTION('',(1.,0.,0.));
#2032=DIRECTION('',(1.,0.,0.));
#2033=DIRECTION('',(0.,0.,-1.));
#2034=DIRECTION('',(0.,0.,-1.));
#2035=DIRECTION('',(0.,-1.,0.));
#2036=DIRECTION('',(0.,0.,-1.));
#2037=DIRECTION('',(-1.,0.,0.));
#2038=DIRECTION('',(0.,0.,-1.));
#2039=DIRECTION('',(0.,0.,1.));
#2040=DIRECTION('',(1.,0.,0.));
#2041=DIRECTION('',(0.,0.,-1.));
#2042=DIRECTION('',(0.,0.,-1.));
#2043=DIRECTION('',(-1.,0.,0.));
#2044=DIRECTION('',(0.,0.,-1.));
#2045=DIRECTION('',(0.,0.,1.));
#2046=DIRECTION('',(1.,0.,0.));
#2047=DIRECTION('',(0.,0.,-1.));
#2048=DIRECTION('',(-1.,0.,0.));
#2049=DIRECTION('',(0.,0.,-1.));
#2050=DIRECTION('',(0.,0.,1.));
#2051=DIRECTION('',(1.,0.,0.));
#2052=DIRECTION('',(0.,0.,-1.));
#2053=DIRECTION('',(-1.,0.,0.));
#2054=DIRECTION('',(0.,0.,-1.));
#2055=DIRECTION('',(0.,0.,1.));
#2056=DIRECTION('',(1.,0.,0.));
#2057=DIRECTION('',(0.,0.,-1.));
#2058=DIRECTION('',(-1.,0.,0.));
#2059=DIRECTION('',(0.,0.,-1.));
#2060=DIRECTION('',(0.,0.,1.));
#2061=DIRECTION('',(1.,0.,0.));
#2062=DIRECTION('',(0.,0.,-1.));
#2063=DIRECTION('',(-1.,0.,0.));
#2064=DIRECTION('',(0.,0.,-1.));
#2065=DIRECTION('',(0.,0.,1.));
#2066=DIRECTION('',(1.,0.,0.));
#2067=DIRECTION('',(0.,0.,-1.));
#2068=DIRECTION('',(-1.,0.,0.));
#2069=DIRECTION('',(0.,0.,-1.));
#2070=DIRECTION('',(0.,0.,1.));
#2071=DIRECTION('',(1.,0.,0.));
#2072=DIRECTION('',(0.,0.,-1.));
#2073=DIRECTION('',(-1.,0.,0.));
#2074=DIRECTION('',(0.,0.,-1.));
#2075=DIRECTION('',(0.,0.,1.));
#2076=DIRECTION('',(1.,0.,0.));
#2077=DIRECTION('',(0.,0.,-1.));
#2078=DIRECTION('',(-1.,0.,0.));
#2079=DIRECTION('',(0.,0.,-1.));
#2080=DIRECTION('',(0.,0.,1.));
#2081=DIRECTION('',(1.,0.,0.));
#2082=DIRECTION('',(0.,0.,-1.));
#2083=DIRECTION('',(-1.,0.,0.));
#2084=DIRECTION('',(0.,0.,-1.));
#2085=DIRECTION('',(0.,0.,-1.));
#2086=DIRECTION('',(1.,0.,0.));
#2087=DIRECTION('',(0.,0.,-1.));
#2088=DIRECTION('',(0.,0.,-1.));
#2089=DIRECTION('',(-1.,0.,0.));
#2090=DIRECTION('',(0.,0.,-1.));
#2091=DIRECTION('',(0.,0.,-1.));
#2092=DIRECTION('',(1.,0.,0.));
#2093=DIRECTION('',(0.,0.,-1.));
#2094=DIRECTION('',(-1.,0.,0.));
#2095=DIRECTION('',(0.,0.,-1.));
#2096=DIRECTION('',(0.,0.,-1.));
#2097=DIRECTION('',(1.,0.,0.));
#2098=DIRECTION('',(0.,0.,-1.));
#2099=DIRECTION('',(-1.,0.,0.));
#2100=DIRECTION('',(0.,0.,-1.));
#2101=DIRECTION('',(0.,0.,-1.));
#2102=DIRECTION('',(1.,0.,0.));
#2103=DIRECTION('',(0.,0.,-1.));
#2104=DIRECTION('',(-1.,0.,0.));
#2105=DIRECTION('',(0.,0.,-1.));
#2106=DIRECTION('',(0.,0.,-1.));
#2107=DIRECTION('',(1.,0.,0.));
#2108=DIRECTION('',(0.,0.,-1.));
#2109=DIRECTION('',(-1.,0.,0.));
#2110=DIRECTION('',(0.,0.,-1.));
#2111=DIRECTION('',(0.,0.,-1.));
#2112=DIRECTION('',(1.,0.,0.));
#2113=DIRECTION('',(0.,0.,-1.));
#2114=DIRECTION('',(-1.,0.,0.));
#2115=DIRECTION('',(0.,0.,-1.));
#2116=DIRECTION('',(0.,0.,-1.));
#2117=DIRECTION('',(1.,0.,0.));
#2118=DIRECTION('',(0.,0.,-1.));
#2119=DIRECTION('',(-1.,0.,0.));
#2120=DIRECTION('',(0.,0.,-1.));
#2121=DIRECTION('',(0.,0.,-1.));
#2122=DIRECTION('',(1.,0.,0.));
#2123=DIRECTION('',(0.,0.,-1.));
#2124=DIRECTION('',(-1.,0.,0.));
#2125=DIRECTION('',(0.,0.,-1.));
#2126=DIRECTION('',(0.,0.,-1.));
#2127=DIRECTION('',(1.,0.,0.));
#2128=DIRECTION('',(0.,0.,-1.));
#2129=DIRECTION('',(-1.,0.,0.));
#2130=DIRECTION('',(0.,0.,-1.));
#2131=DIRECTION('',(1.,0.,0.));
#2132=DIRECTION('',(0.,0.,-1.));
#2133=DIRECTION('',(-1.,0.,0.));
#2134=DIRECTION('',(0.,0.,1.));
#2135=DIRECTION('',(1.,0.,0.));
#2136=DIRECTION('',(0.,0.,1.));
#2137=DIRECTION('',(1.,0.,0.));
#2138=DIRECTION('',(1.,0.,0.));
#2139=DIRECTION('',(0.,-1.,0.));
#2140=DIRECTION('',(1.,-1.11200222819026E-16,0.));
#2141=DIRECTION('',(1.11200222819026E-16,1.,0.));
#2142=DIRECTION('',(0.,0.,-1.));
#2143=DIRECTION('',(-1.11200222819026E-16,-1.,0.));
#2144=DIRECTION('',(0.,0.,-1.));
#2145=DIRECTION('',(-1.,0.,0.));
#2146=DIRECTION('',(0.,0.,-1.));
#2147=DIRECTION('',(0.,0.,1.));
#2148=DIRECTION('',(1.,0.,0.));
#2149=DIRECTION('',(0.,0.,-1.));
#2150=DIRECTION('',(0.,0.,-1.));
#2151=DIRECTION('',(-1.,0.,0.));
#2152=DIRECTION('',(0.,0.,-1.));
#2153=DIRECTION('',(0.,0.,1.));
#2154=DIRECTION('',(1.,0.,0.));
#2155=DIRECTION('',(0.,0.,-1.));
#2156=DIRECTION('',(-1.,0.,0.));
#2157=DIRECTION('',(0.,0.,-1.));
#2158=DIRECTION('',(0.,0.,1.));
#2159=DIRECTION('',(1.,0.,0.));
#2160=DIRECTION('',(0.,0.,-1.));
#2161=DIRECTION('',(-1.,0.,0.));
#2162=DIRECTION('',(0.,0.,-1.));
#2163=DIRECTION('',(0.,0.,1.));
#2164=DIRECTION('',(1.,0.,0.));
#2165=DIRECTION('',(0.,0.,-1.));
#2166=DIRECTION('',(-1.,0.,0.));
#2167=DIRECTION('',(0.,0.,-1.));
#2168=DIRECTION('',(0.,0.,1.));
#2169=DIRECTION('',(1.,0.,0.));
#2170=DIRECTION('',(0.,0.,-1.));
#2171=DIRECTION('',(-1.,0.,0.));
#2172=DIRECTION('',(0.,0.,-1.));
#2173=DIRECTION('',(0.,0.,1.));
#2174=DIRECTION('',(1.,0.,0.));
#2175=DIRECTION('',(0.,0.,-1.));
#2176=DIRECTION('',(-1.,0.,0.));
#2177=DIRECTION('',(0.,0.,-1.));
#2178=DIRECTION('',(0.,0.,1.));
#2179=DIRECTION('',(1.,0.,0.));
#2180=DIRECTION('',(0.,0.,-1.));
#2181=DIRECTION('',(-1.,0.,0.));
#2182=DIRECTION('',(0.,0.,-1.));
#2183=DIRECTION('',(0.,0.,1.));
#2184=DIRECTION('',(1.,0.,0.));
#2185=DIRECTION('',(0.,0.,-1.));
#2186=DIRECTION('',(-1.,0.,0.));
#2187=DIRECTION('',(0.,0.,-1.));
#2188=DIRECTION('',(0.,0.,1.));
#2189=DIRECTION('',(1.,0.,0.));
#2190=DIRECTION('',(1.,0.,0.));
#2191=DIRECTION('',(0.,0.,-1.));
#2192=DIRECTION('',(0.,-1.,0.));
#2193=DIRECTION('',(0.,0.,1.));
#2194=DIRECTION('',(0.,0.,-1.));
#2195=DIRECTION('',(0.,-1.,0.));
#2196=DIRECTION('',(0.,0.,-1.));
#2197=DIRECTION('',(0.,-1.,0.));
#2198=DIRECTION('',(0.,0.,-1.));
#2199=DIRECTION('',(0.,0.,-1.));
#2200=DIRECTION('',(-1.,0.,0.));
#2201=DIRECTION('',(0.,0.,1.));
#2202=DIRECTION('',(1.,0.,0.));
#2203=DIRECTION('',(0.,0.,1.));
#2204=DIRECTION('',(1.,0.,0.));
#2205=DIRECTION('',(1.,1.39897054514259E-16,0.));
#2206=DIRECTION('',(1.,1.39897054514259E-16,0.));
#2207=DIRECTION('',(-8.34001671142696E-17,-1.,0.));
#2208=DIRECTION('',(1.,0.,0.));
#2209=DIRECTION('',(-8.34001671142696E-17,-1.,0.));
#2210=DIRECTION('',(1.,0.,0.));
#2211=DIRECTION('',(0.,0.,-1.));
#2212=DIRECTION('',(0.,0.,-1.));
#2213=DIRECTION('',(1.,0.,0.));
#2214=DIRECTION('',(0.,0.,-1.));
#2215=DIRECTION('',(0.,-8.03112720359633E-17,1.));
#2216=DIRECTION('',(0.,-1.,0.));
#2217=DIRECTION('',(0.,0.,-1.));
#2218=DIRECTION('',(0.,-1.,0.));
#2219=DIRECTION('',(0.,0.,-1.));
#2220=DIRECTION('',(0.,1.,0.));
#2221=DIRECTION('',(0.,0.,-1.));
#2222=DIRECTION('',(0.,1.,0.));
#2223=DIRECTION('',(0.,0.,1.));
#2224=DIRECTION('',(-0.707106781186548,0.,0.707106781186548));
#2225=DIRECTION('',(1.,0.,0.));
#2226=DIRECTION('',(0.,0.,-1.));
#2227=DIRECTION('',(1.,-8.34001671142696E-17,0.));
#2228=DIRECTION('',(8.34001671142696E-17,1.,0.));
#2229=DIRECTION('',(0.,0.,-1.));
#2230=DIRECTION('',(-1.39897054514259E-16,1.,0.));
#2231=DIRECTION('',(-1.,-1.39897054514259E-16,0.));
#2232=DIRECTION('',(0.,1.,0.));
#2233=DIRECTION('',(0.,0.,1.));
#2234=DIRECTION('',(1.,0.,0.));
#2235=DIRECTION('',(0.,0.,1.));
#2236=DIRECTION('',(0.,0.,-1.));
#2237=DIRECTION('',(1.,0.,0.));
#2238=DIRECTION('',(0.,0.,-1.));
#2239=DIRECTION('',(0.,0.,-1.));
#2240=DIRECTION('',(0.,0.,-1.));
#2241=DIRECTION('',(0.,1.,0.));
#2242=DIRECTION('',(0.,0.,1.));
#2243=DIRECTION('',(0.,-1.,0.));
#2244=DIRECTION('',(0.,-8.03112720359633E-17,1.));
#2245=DIRECTION('',(1.,0.,0.));
#2246=DIRECTION('',(0.,0.,-1.));
#2247=DIRECTION('',(0.,1.,0.));
#2248=DIRECTION('',(0.,0.,1.));
#2249=DIRECTION('',(1.,0.,0.));
#2250=DIRECTION('',(0.,0.,-1.));
#2251=DIRECTION('',(-1.,0.,0.));
#2252=DIRECTION('',(0.,0.,1.));
#2253=DIRECTION('',(0.,0.,-1.));
#2254=DIRECTION('',(-1.,0.,0.));
#2255=DIRECTION('',(0.,0.,1.));
#2256=DIRECTION('',(1.,0.,0.));
#2257=DIRECTION('',(0.,0.,-1.));
#2258=DIRECTION('',(0.,0.,-1.));
#2259=DIRECTION('',(0.,0.,-1.));
#2260=DIRECTION('',(-1.,0.,0.));
#2261=DIRECTION('',(0.,0.,-1.));
#2262=DIRECTION('',(0.,0.,1.));
#2263=DIRECTION('',(1.,0.,0.));
#2264=DIRECTION('',(0.,0.,-1.));
#2265=DIRECTION('',(-1.,0.,0.));
#2266=DIRECTION('',(0.,0.,1.));
#2267=DIRECTION('',(1.,0.,0.));
#2268=DIRECTION('',(0.,0.,-1.));
#2269=DIRECTION('',(0.,0.,-1.));
#2270=DIRECTION('',(-1.,0.,0.));
#2271=DIRECTION('',(0.,0.,-1.));
#2272=DIRECTION('',(0.,0.,1.));
#2273=DIRECTION('',(1.,0.,0.));
#2274=DIRECTION('',(0.,0.,-1.));
#2275=DIRECTION('',(-1.,0.,0.));
#2276=DIRECTION('',(0.,0.,1.));
#2277=DIRECTION('',(1.,0.,0.));
#2278=DIRECTION('',(0.,0.,-1.));
#2279=DIRECTION('',(0.,0.,-1.));
#2280=DIRECTION('',(-1.,0.,0.));
#2281=DIRECTION('',(0.,0.,-1.));
#2282=DIRECTION('',(0.,0.,1.));
#2283=DIRECTION('',(1.,0.,0.));
#2284=DIRECTION('',(0.,0.,-1.));
#2285=DIRECTION('',(-1.,0.,0.));
#2286=DIRECTION('',(0.,0.,1.));
#2287=DIRECTION('',(1.,0.,0.));
#2288=DIRECTION('',(0.,0.,-1.));
#2289=DIRECTION('',(0.,0.,-1.));
#2290=DIRECTION('',(-1.,0.,0.));
#2291=DIRECTION('',(0.,0.,-1.));
#2292=DIRECTION('',(0.,0.,-1.));
#2293=DIRECTION('',(0.,0.,-1.));
#2294=DIRECTION('',(-1.,0.,0.));
#2295=DIRECTION('',(0.,0.,-1.));
#2296=DIRECTION('',(0.,0.,-1.));
#2297=DIRECTION('',(-1.,0.,0.));
#2298=DIRECTION('',(0.,0.,-1.));
#2299=DIRECTION('',(0.,0.,-1.));
#2300=DIRECTION('',(-1.,0.,0.));
#2301=DIRECTION('',(0.,0.,-1.));
#2302=DIRECTION('',(0.,0.,-1.));
#2303=DIRECTION('',(-1.,0.,0.));
#2304=DIRECTION('',(0.,0.,-1.));
#2305=DIRECTION('',(0.,0.,-1.));
#2306=DIRECTION('',(-1.,0.,0.));
#2307=DIRECTION('',(0.,0.,-1.));
#2308=DIRECTION('',(0.,0.,-1.));
#2309=DIRECTION('',(-1.,0.,0.));
#2310=DIRECTION('',(0.,0.,-1.));
#2311=DIRECTION('',(0.,0.,-1.));
#2312=DIRECTION('',(-1.,0.,0.));
#2313=DIRECTION('',(0.,0.,1.));
#2314=DIRECTION('',(1.,0.,0.));
#2315=DIRECTION('',(0.,0.,-1.));
#2316=DIRECTION('',(0.,0.,-1.));
#2317=DIRECTION('',(-1.,0.,0.));
#2318=DIRECTION('',(0.,0.,-1.));
#2319=DIRECTION('',(-1.39897054514259E-16,1.,0.));
#2320=DIRECTION('',(-1.,-1.39897054514259E-16,0.));
#2321=DIRECTION('',(0.,0.,-1.));
#2322=DIRECTION('',(1.,1.39897054514259E-16,0.));
#2323=DIRECTION('',(1.,-8.34001671142696E-17,0.));
#2324=DIRECTION('',(8.34001671142696E-17,1.,0.));
#2325=DIRECTION('',(-8.34001671142696E-17,-1.,0.));
#2326=DIRECTION('',(0.,0.,-1.));
#2327=DIRECTION('',(-1.,0.,0.));
#2328=DIRECTION('',(0.,0.,-1.));
#2329=DIRECTION('',(0.,0.,-1.));
#2330=DIRECTION('',(-1.,0.,0.));
#2331=DIRECTION('',(0.,0.,-1.));
#2332=DIRECTION('',(-1.,0.,0.));
#2333=DIRECTION('',(0.,0.,-1.));
#2334=DIRECTION('',(0.,0.,1.));
#2335=DIRECTION('',(1.,0.,0.));
#2336=DIRECTION('',(0.,0.,-1.));
#2337=DIRECTION('',(-1.,0.,0.));
#2338=DIRECTION('',(0.,0.,1.));
#2339=DIRECTION('',(1.,0.,0.));
#2340=DIRECTION('',(0.,0.,1.));
#2341=DIRECTION('',(1.,0.,0.));
#2342=DIRECTION('',(-1.,0.,0.));
#2343=DIRECTION('',(0.707106781186548,-0.707106781186548,0.));
#2344=DIRECTION('',(-0.707106781186549,-0.707106781186546,0.));
#2345=DIRECTION('',(0.,-1.,0.));
#2346=DIRECTION('',(1.,0.,0.));
#2347=DIRECTION('',(-0.707106781186548,-0.707106781186548,0.));
#2348=DIRECTION('',(0.,0.,-1.));
#2349=DIRECTION('',(-0.707106781186548,0.707106781186548,0.));
#2350=DIRECTION('',(0.707106781186548,-0.707106781186548,0.));
#2351=DIRECTION('',(0.,0.,1.));
#2352=DIRECTION('',(-0.707106781186548,-0.707106781186548,0.));
#2353=DIRECTION('',(0.707106781186548,0.,-0.707106781186548));
#2354=DIRECTION('',(0.,1.,0.));
#2355=DIRECTION('',(-0.707106781186548,0.,-0.707106781186548));
#2356=DIRECTION('',(0.707106781186548,0.,0.707106781186548));
#2357=DIRECTION('',(0.577350269189626,0.577350269189626,-0.577350269189626));
#2358=DIRECTION('',(-0.707106781186548,0.,-0.707106781186548));
#2359=DIRECTION('',(0.,0.707106781186548,0.707106781186548));
#2360=DIRECTION('',(0.577350269189626,-0.577350269189626,-0.577350269189626));
#2361=DIRECTION('',(-0.707106781186548,0.,-0.707106781186548));
#2362=DIRECTION('',(0.,-0.707106781186548,0.707106781186548));
#2363=DIRECTION('',(0.,0.707106781186548,-0.707106781186548));
#2364=DIRECTION('',(-1.,0.,0.));
#2365=DIRECTION('',(-9.61481343191785E-17,-0.707106781186548,-0.707106781186548));
#2366=DIRECTION('',(-0.707106781186546,0.707106781186549,0.));
#2367=DIRECTION('',(0.,0.,1.));
#2368=DIRECTION('',(0.707106781186549,0.707106781186546,5.51125990970485E-16));
#2369=DIRECTION('',(0.707106781186548,0.707106781186548,0.));
#2370=DIRECTION('',(0.,0.,-1.));
#2371=DIRECTION('',(0.707106781186548,-0.707106781186548,6.70735898414529E-16));
#2372=DIRECTION('',(0.,0.707106781186548,0.707106781186548));
#2373=DIRECTION('',(1.,0.,0.));
#2374=DIRECTION('',(0.,0.707106781186548,-0.707106781186548));
#2375=DIRECTION('',(-0.577350269189624,0.577350269189627,-0.577350269189627));
#2376=DIRECTION('',(0.,0.707106781186548,0.707106781186548));
#2377=DIRECTION('',(0.707106781186548,-2.40370335797945E-15,-0.707106781186547));
#2378=DIRECTION('',(-0.577350269189625,-0.577350269189626,-0.577350269189626));
#2379=DIRECTION('',(0.,0.707106781186548,-0.707106781186548));
#2380=DIRECTION('',(-0.707106781186548,-1.23903709934807E-16,0.707106781186547));
#2381=DIRECTION('',(0.707106781186547,0.,0.707106781186548));
#2382=DIRECTION('',(0.,-1.,0.));
#2383=DIRECTION('',(0.,-1.,0.));
#2384=DIRECTION('',(1.,0.,0.));
#2385=DIRECTION('',(-0.707106781186548,0.,0.707106781186548));
#2386=DIRECTION('',(-0.707106781186548,0.,-0.707106781186548));
#2387=DIRECTION('',(-0.707106781186548,0.,0.707106781186548));
#2388=DIRECTION('',(0.707106781186548,0.,0.707106781186548));
#2389=DIRECTION('',(0.707106781186548,0.,-0.707106781186548));
#2390=DIRECTION('',(-0.707106781186548,0.,0.707106781186548));
#2391=DIRECTION('',(0.,-1.,0.));
#2392=DIRECTION('',(1.,0.,0.));
#2393=DIRECTION('',(0.,-1.,0.));
#2394=DIRECTION('',(0.,0.,-1.));
#2395=DIRECTION('',(-1.,0.,0.));
#2396=DIRECTION('',(-1.,0.,0.));
#2397=DIRECTION('',(0.,0.,1.));
#2398=DIRECTION('',(-1.,0.,0.));
#2399=DIRECTION('',(0.,1.,8.03112720359633E-17));
#2400=DIRECTION('',(0.,-8.03112720359633E-17,1.));
#2401=CARTESIAN_POINT('',(0.,0.,0.));
#2402=CARTESIAN_POINT('',(0.,0.,0.0142));
#2403=CARTESIAN_POINT('',(0.00270068856399254,-0.0117622039986063,0.0142));
#2404=CARTESIAN_POINT('',(0.00327035885712347,-0.0119505540905206,0.0142));
#2405=CARTESIAN_POINT('',(0.00270378234448436,-0.0123621960223219,0.0142));
#2406=CARTESIAN_POINT('',(0.0036,-0.013,0.0142));
#2407=CARTESIAN_POINT('',(0.00392964114287655,-0.0119505540905206,0.0142));
#2408=CARTESIAN_POINT('',(0.00449931143600747,-0.0117622039986063,0.0142));
#2409=CARTESIAN_POINT('',(0.00449621765551564,-0.0123621960223219,0.0142));
#2410=CARTESIAN_POINT('',(0.0036,-0.013,0.0142));
#2411=CARTESIAN_POINT('',(0.00469994708590371,-0.0129892107362653,0.0142));
#2412=CARTESIAN_POINT('',(0.00505511646993159,-0.0134727960013937,0.0142));
#2413=CARTESIAN_POINT('',(0.00448353411530297,-0.0136552613731144,0.0142));
#2414=CARTESIAN_POINT('',(0.0036,-0.013,0.0142));
#2415=CARTESIAN_POINT('',(0.00395016354203835,-0.0140427777777778,0.0142));
#2416=CARTESIAN_POINT('',(0.0036,-0.01453,0.0142));
#2417=CARTESIAN_POINT('',(0.00324983645796166,-0.0140427777777778,0.0142));
#2418=CARTESIAN_POINT('',(0.0036,-0.013,0.0142));
#2419=CARTESIAN_POINT('',(0.00271646588469703,-0.0136552613731144,0.0142));
#2420=CARTESIAN_POINT('',(0.00214488353006841,-0.0134727960013937,0.0142));
#2421=CARTESIAN_POINT('',(0.00250005291409629,-0.0129892107362653,0.0142));
#2422=CARTESIAN_POINT('',(0.0036,-0.013,0.0142));
#2423=CARTESIAN_POINT('',(0.082,0.,0.0142));
#2424=CARTESIAN_POINT('',(0.082,-0.003,0.0142));
#2425=CARTESIAN_POINT('',(0.082,-0.0162,0.0142));
#2426=CARTESIAN_POINT('',(0.0900599861188218,-0.003,0.0142));
#2427=CARTESIAN_POINT('',(0.0794,-0.003,0.0142));
#2428=CARTESIAN_POINT('',(0.0794,-7.80625564189563E-18,0.0142));
#2429=CARTESIAN_POINT('',(0.0794,-0.004,0.0142));
#2430=CARTESIAN_POINT('',(0.07865,-0.004,0.0142));
#2431=CARTESIAN_POINT('',(0.0779,-0.004,0.0142));
#2432=CARTESIAN_POINT('',(0.0779,-0.015602,0.0142));
#2433=CARTESIAN_POINT('',(0.0779,-0.0156,0.0142));
#2434=CARTESIAN_POINT('',(0.0749,-0.0156,0.0142));
#2435=CARTESIAN_POINT('',(0.0062,-0.0156,0.0142));
#2436=CARTESIAN_POINT('',(0.0062,-0.0104,0.0142));
#2437=CARTESIAN_POINT('',(0.0062,-0.0052,0.0142));
#2438=CARTESIAN_POINT('',(0.0031,-0.0052,0.0142));
#2439=CARTESIAN_POINT('',(8.67361737988404E-19,-0.0052,0.0142));
#2440=CARTESIAN_POINT('',(0.,-0.0112,0.0142));
#2441=CARTESIAN_POINT('',(0.,-0.0162,0.0142));
#2442=CARTESIAN_POINT('',(-0.0081,-0.0081,0.0142));
#2443=CARTESIAN_POINT('',(0.001,-0.0172,0.0142));
#2444=CARTESIAN_POINT('',(0.041,-0.0172,0.0142));
#2445=CARTESIAN_POINT('',(0.081,-0.0172,0.0142));
#2446=CARTESIAN_POINT('',(0.0491,-0.0491,0.0142));
#2447=CARTESIAN_POINT('',(0.0749,-0.0156,0.014202));
#2448=CARTESIAN_POINT('',(0.07865,-0.0156,0.01345));
#2449=CARTESIAN_POINT('',(0.0794,-0.0156,0.0127));
#2450=CARTESIAN_POINT('',(0.0794,-0.0156,0.014202));
#2451=CARTESIAN_POINT('',(0.0794,-0.0156,0.004));
#2452=CARTESIAN_POINT('',(0.0749,-0.0156,0.004));
#2453=CARTESIAN_POINT('',(0.0704,-0.0156,0.004));
#2454=CARTESIAN_POINT('',(0.0704,-0.0156,0.004));
#2455=CARTESIAN_POINT('',(0.0704,-0.0156,0.002));
#2456=CARTESIAN_POINT('',(0.0413,-0.0156,0.002));
#2457=CARTESIAN_POINT('',(0.0122,-0.0156,0.002));
#2458=CARTESIAN_POINT('',(0.0122,-0.0156,0.004));
#2459=CARTESIAN_POINT('',(0.0122,-0.0156,0.004));
#2460=CARTESIAN_POINT('',(0.0092,-0.0156,0.004));
#2461=CARTESIAN_POINT('',(0.0062,-0.0156,0.004));
#2462=CARTESIAN_POINT('',(0.0062,-0.0156,0.014202));
#2463=CARTESIAN_POINT('',(0.041,0.,0.002));
#2464=CARTESIAN_POINT('',(0.0413,0.0156,0.002));
#2465=CARTESIAN_POINT('',(0.0122,0.0156,0.002));
#2466=CARTESIAN_POINT('',(0.0704,0.0156,0.002));
#2467=CARTESIAN_POINT('',(0.0122,-5.20417042793042E-18,0.002));
#2468=CARTESIAN_POINT('',(0.0704,-6.93889390390723E-18,0.002));
#2469=CARTESIAN_POINT('',(0.041,0.,0.));
#2470=CARTESIAN_POINT('',(0.081,-0.0172,0.));
#2471=CARTESIAN_POINT('',(0.081,0.0162,0.));
#2472=CARTESIAN_POINT('',(0.081,-0.0162,0.));
#2473=CARTESIAN_POINT('',(0.041,-0.0162,0.));
#2474=CARTESIAN_POINT('',(0.001,-0.0162,0.));
#2475=CARTESIAN_POINT('',(0.001,0.,0.));
#2476=CARTESIAN_POINT('',(0.001,0.0162,0.));
#2477=CARTESIAN_POINT('',(0.082,0.0162,0.));
#2478=CARTESIAN_POINT('',(0.0760993114360075,-0.0112622039986063,0.));
#2479=CARTESIAN_POINT('',(0.0760962176555157,-0.0118621960223219,0.));
#2480=CARTESIAN_POINT('',(0.0755296411428765,-0.0114505540905206,0.));
#2481=CARTESIAN_POINT('',(0.0752,-0.0125,0.));
#2482=CARTESIAN_POINT('',(0.0748703588571235,-0.0114505540905206,0.));
#2483=CARTESIAN_POINT('',(0.0743006885639925,-0.0112622039986063,0.));
#2484=CARTESIAN_POINT('',(0.0743037823444844,-0.0118621960223219,0.));
#2485=CARTESIAN_POINT('',(0.0752,-0.0125,0.));
#2486=CARTESIAN_POINT('',(0.0741000529140963,-0.0124892107362653,0.));
#2487=CARTESIAN_POINT('',(0.0737448835300684,-0.0129727960013937,0.));
#2488=CARTESIAN_POINT('',(0.074316465884697,-0.0131552613731144,0.));
#2489=CARTESIAN_POINT('',(0.0752,-0.0125,0.));
#2490=CARTESIAN_POINT('',(0.0748498364579617,-0.0135427777777778,0.));
#2491=CARTESIAN_POINT('',(0.0752,-0.01403,0.));
#2492=CARTESIAN_POINT('',(0.0755501635420384,-0.0135427777777778,0.));
#2493=CARTESIAN_POINT('',(0.0752,-0.0125,0.));
#2494=CARTESIAN_POINT('',(0.076083534115303,-0.0131552613731144,0.));
#2495=CARTESIAN_POINT('',(0.0766551164699316,-0.0129727960013936,0.));
#2496=CARTESIAN_POINT('',(0.0762999470859037,-0.0124892107362653,0.));
#2497=CARTESIAN_POINT('',(0.0752,-0.0125,0.));
#2498=CARTESIAN_POINT('',(0.0752,0.0125,0.));
#2499=CARTESIAN_POINT('',(0.076083534115303,0.0131552613731144,0.));
#2500=CARTESIAN_POINT('',(0.0755501635420384,0.0135427777777778,0.));
#2501=CARTESIAN_POINT('',(0.0752,0.01403,0.));
#2502=CARTESIAN_POINT('',(0.0748498364579617,0.0135427777777778,0.));
#2503=CARTESIAN_POINT('',(0.0752,0.0125,0.));
#2504=CARTESIAN_POINT('',(0.074316465884697,0.0131552613731144,0.));
#2505=CARTESIAN_POINT('',(0.0737448835300684,0.0129727960013937,0.));
#2506=CARTESIAN_POINT('',(0.0741000529140963,0.0124892107362653,0.));
#2507=CARTESIAN_POINT('',(0.0752,0.0125,0.));
#2508=CARTESIAN_POINT('',(0.0743037823444844,0.0118621960223219,0.));
#2509=CARTESIAN_POINT('',(0.0743006885639925,0.0112622039986063,0.));
#2510=CARTESIAN_POINT('',(0.0748703588571235,0.0114505540905206,0.));
#2511=CARTESIAN_POINT('',(0.0752,0.0125,0.));
#2512=CARTESIAN_POINT('',(0.0755296411428765,0.0114505540905206,0.));
#2513=CARTESIAN_POINT('',(0.0760993114360075,0.0112622039986063,0.));
#2514=CARTESIAN_POINT('',(0.0760962176555156,0.0118621960223219,0.));
#2515=CARTESIAN_POINT('',(0.0752,0.0125,0.));
#2516=CARTESIAN_POINT('',(0.0762999470859037,0.0124892107362653,0.));
#2517=CARTESIAN_POINT('',(0.0766551164699316,0.0129727960013936,0.));
#2518=CARTESIAN_POINT('',(0.0097,0.0125,0.));
#2519=CARTESIAN_POINT('',(0.00934983645796165,0.0135427777777778,0.));
#2520=CARTESIAN_POINT('',(0.00881646588469704,0.0131552613731144,0.));
#2521=CARTESIAN_POINT('',(0.00824488353006841,0.0129727960013937,0.));
#2522=CARTESIAN_POINT('',(0.0086000529140963,0.0124892107362653,0.));
#2523=CARTESIAN_POINT('',(0.0097,0.0125,0.));
#2524=CARTESIAN_POINT('',(0.00880378234448437,0.0118621960223219,0.));
#2525=CARTESIAN_POINT('',(0.00880068856399253,0.0112622039986063,0.));
#2526=CARTESIAN_POINT('',(0.00937035885712347,0.0114505540905206,0.));
#2527=CARTESIAN_POINT('',(0.0097,0.0125,0.));
#2528=CARTESIAN_POINT('',(0.0100296411428765,0.0114505540905206,0.));
#2529=CARTESIAN_POINT('',(0.0105993114360075,0.0112622039986063,0.));
#2530=CARTESIAN_POINT('',(0.0105962176555156,0.0118621960223219,0.));
#2531=CARTESIAN_POINT('',(0.0097,0.0125,0.));
#2532=CARTESIAN_POINT('',(0.0107999470859037,0.0124892107362653,0.));
#2533=CARTESIAN_POINT('',(0.0111551164699316,0.0129727960013937,0.));
#2534=CARTESIAN_POINT('',(0.010583534115303,0.0131552613731144,0.));
#2535=CARTESIAN_POINT('',(0.0097,0.0125,0.));
#2536=CARTESIAN_POINT('',(0.0100501635420383,0.0135427777777778,0.));
#2537=CARTESIAN_POINT('',(0.0097,0.01403,0.));
#2538=CARTESIAN_POINT('',(0.00270068856399254,-0.0117622039986063,0.));
#2539=CARTESIAN_POINT('',(0.00327035885712347,-0.0119505540905206,0.));
#2540=CARTESIAN_POINT('',(0.00270378234448436,-0.0123621960223219,0.));
#2541=CARTESIAN_POINT('',(0.0036,-0.013,0.));
#2542=CARTESIAN_POINT('',(0.00250005291409629,-0.0129892107362653,0.));
#2543=CARTESIAN_POINT('',(0.00214488353006841,-0.0134727960013937,0.));
#2544=CARTESIAN_POINT('',(0.00271646588469703,-0.0136552613731144,0.));
#2545=CARTESIAN_POINT('',(0.0036,-0.013,0.));
#2546=CARTESIAN_POINT('',(0.00324983645796166,-0.0140427777777778,0.));
#2547=CARTESIAN_POINT('',(0.0036,-0.01453,0.));
#2548=CARTESIAN_POINT('',(0.00395016354203835,-0.0140427777777778,0.));
#2549=CARTESIAN_POINT('',(0.0036,-0.013,0.));
#2550=CARTESIAN_POINT('',(0.00448353411530297,-0.0136552613731144,0.));
#2551=CARTESIAN_POINT('',(0.00505511646993159,-0.0134727960013937,0.));
#2552=CARTESIAN_POINT('',(0.00469994708590371,-0.0129892107362653,0.));
#2553=CARTESIAN_POINT('',(0.0036,-0.013,0.));
#2554=CARTESIAN_POINT('',(0.00449621765551564,-0.0123621960223219,0.));
#2555=CARTESIAN_POINT('',(0.00449931143600747,-0.0117622039986063,0.));
#2556=CARTESIAN_POINT('',(0.00392964114287655,-0.0119505540905206,0.));
#2557=CARTESIAN_POINT('',(0.0036,-0.013,0.));
#2558=CARTESIAN_POINT('',(0.0036,0.013,0.));
#2559=CARTESIAN_POINT('',(0.00324983645796166,0.0140427777777778,0.));
#2560=CARTESIAN_POINT('',(0.00271646588469703,0.0136552613731144,0.));
#2561=CARTESIAN_POINT('',(0.00214488353006841,0.0134727960013937,0.));
#2562=CARTESIAN_POINT('',(0.00250005291409629,0.0129892107362653,0.));
#2563=CARTESIAN_POINT('',(0.0036,0.013,0.));
#2564=CARTESIAN_POINT('',(0.00270378234448436,0.0123621960223219,0.));
#2565=CARTESIAN_POINT('',(0.00270068856399254,0.0117622039986063,0.));
#2566=CARTESIAN_POINT('',(0.00327035885712347,0.0119505540905206,0.));
#2567=CARTESIAN_POINT('',(0.0036,0.013,0.));
#2568=CARTESIAN_POINT('',(0.00392964114287654,0.0119505540905206,0.));
#2569=CARTESIAN_POINT('',(0.00449931143600747,0.0117622039986063,0.));
#2570=CARTESIAN_POINT('',(0.00449621765551564,0.0123621960223219,0.));
#2571=CARTESIAN_POINT('',(0.0036,0.013,0.));
#2572=CARTESIAN_POINT('',(0.00469994708590371,0.0129892107362653,0.));
#2573=CARTESIAN_POINT('',(0.00505511646993159,0.0134727960013937,0.));
#2574=CARTESIAN_POINT('',(0.00448353411530297,0.0136552613731144,0.));
#2575=CARTESIAN_POINT('',(0.0036,0.013,0.));
#2576=CARTESIAN_POINT('',(0.00395016354203835,0.0140427777777778,0.));
#2577=CARTESIAN_POINT('',(0.0036,0.01453,0.));
#2578=CARTESIAN_POINT('',(0.0704,-6.93889390390723E-18,0.004));
#2579=CARTESIAN_POINT('',(0.0704,0.0156,0.004));
#2580=CARTESIAN_POINT('',(0.0704,0.0156,0.004));
#2581=CARTESIAN_POINT('',(0.0704,-6.93889390390723E-18,0.004));
#2582=CARTESIAN_POINT('',(0.0752,0.0125,0.004));
#2583=CARTESIAN_POINT('',(0.076083534115303,0.0131552613731144,0.004));
#2584=CARTESIAN_POINT('',(0.076083534115303,0.0131552613731144,0.004));
#2585=CARTESIAN_POINT('',(0.0752,0.0125,0.004));
#2586=CARTESIAN_POINT('',(0.0755501635420384,0.0135427777777778,0.004));
#2587=CARTESIAN_POINT('',(0.0755501635420384,0.0135427777777778,0.004));
#2588=CARTESIAN_POINT('',(0.0766551164699316,0.0129727960013936,0.004));
#2589=CARTESIAN_POINT('',(0.0762999470859037,0.0124892107362653,0.004));
#2590=CARTESIAN_POINT('',(0.0762999470859037,0.0124892107362653,0.004));
#2591=CARTESIAN_POINT('',(0.0766551164699316,0.0129727960013936,0.004));
#2592=CARTESIAN_POINT('',(0.0752,0.0125,0.004));
#2593=CARTESIAN_POINT('',(0.0760962176555156,0.0118621960223219,0.004));
#2594=CARTESIAN_POINT('',(0.0760962176555156,0.0118621960223219,0.004));
#2595=CARTESIAN_POINT('',(0.0752,0.0125,0.004));
#2596=CARTESIAN_POINT('',(0.0760993114360075,0.0112622039986063,0.004));
#2597=CARTESIAN_POINT('',(0.0755296411428765,0.0114505540905206,0.004));
#2598=CARTESIAN_POINT('',(0.0755296411428765,0.0114505540905206,0.004));
#2599=CARTESIAN_POINT('',(0.0760993114360075,0.0112622039986063,0.004));
#2600=CARTESIAN_POINT('',(0.0752,0.0125,0.004));
#2601=CARTESIAN_POINT('',(0.0748703588571235,0.0114505540905206,0.004));
#2602=CARTESIAN_POINT('',(0.0748703588571235,0.0114505540905206,0.004));
#2603=CARTESIAN_POINT('',(0.0752,0.0125,0.004));
#2604=CARTESIAN_POINT('',(0.0743006885639925,0.0112622039986063,0.004));
#2605=CARTESIAN_POINT('',(0.0743037823444844,0.0118621960223219,0.004));
#2606=CARTESIAN_POINT('',(0.0743037823444844,0.0118621960223219,0.004));
#2607=CARTESIAN_POINT('',(0.0743006885639925,0.0112622039986063,0.004));
#2608=CARTESIAN_POINT('',(0.0752,0.0125,0.004));
#2609=CARTESIAN_POINT('',(0.0741000529140963,0.0124892107362653,0.004));
#2610=CARTESIAN_POINT('',(0.0741000529140963,0.0124892107362653,0.004));
#2611=CARTESIAN_POINT('',(0.0752,0.0125,0.004));
#2612=CARTESIAN_POINT('',(0.0737448835300684,0.0129727960013937,0.004));
#2613=CARTESIAN_POINT('',(0.074316465884697,0.0131552613731144,0.004));
#2614=CARTESIAN_POINT('',(0.074316465884697,0.0131552613731144,0.004));
#2615=CARTESIAN_POINT('',(0.0737448835300684,0.0129727960013937,0.004));
#2616=CARTESIAN_POINT('',(0.0752,0.0125,0.004));
#2617=CARTESIAN_POINT('',(0.0748498364579617,0.0135427777777778,0.004));
#2618=CARTESIAN_POINT('',(0.0748498364579617,0.0135427777777778,0.004));
#2619=CARTESIAN_POINT('',(0.0752,0.0125,0.004));
#2620=CARTESIAN_POINT('',(0.0760993114360075,-0.0112622039986063,0.004));
#2621=CARTESIAN_POINT('',(0.0760962176555157,-0.0118621960223219,0.004));
#2622=CARTESIAN_POINT('',(0.0760962176555157,-0.0118621960223219,0.004));
#2623=CARTESIAN_POINT('',(0.0760993114360075,-0.0112622039986063,0.004));
#2624=CARTESIAN_POINT('',(0.0755296411428765,-0.0114505540905206,0.004));
#2625=CARTESIAN_POINT('',(0.0755296411428765,-0.0114505540905206,0.004));
#2626=CARTESIAN_POINT('',(0.0752,-0.0125,0.004));
#2627=CARTESIAN_POINT('',(0.0762999470859037,-0.0124892107362653,0.004));
#2628=CARTESIAN_POINT('',(0.0762999470859037,-0.0124892107362653,0.004));
#2629=CARTESIAN_POINT('',(0.0752,-0.0125,0.004));
#2630=CARTESIAN_POINT('',(0.0766551164699316,-0.0129727960013936,0.004));
#2631=CARTESIAN_POINT('',(0.076083534115303,-0.0131552613731144,0.004));
#2632=CARTESIAN_POINT('',(0.076083534115303,-0.0131552613731144,0.004));
#2633=CARTESIAN_POINT('',(0.0766551164699316,-0.0129727960013936,0.004));
#2634=CARTESIAN_POINT('',(0.0752,-0.0125,0.004));
#2635=CARTESIAN_POINT('',(0.0755501635420384,-0.0135427777777778,0.004));
#2636=CARTESIAN_POINT('',(0.0755501635420384,-0.0135427777777778,0.004));
#2637=CARTESIAN_POINT('',(0.0752,-0.0125,0.004));
#2638=CARTESIAN_POINT('',(0.0752,-0.01403,0.004));
#2639=CARTESIAN_POINT('',(0.0748498364579617,-0.0135427777777778,0.004));
#2640=CARTESIAN_POINT('',(0.0748498364579617,-0.0135427777777778,0.004));
#2641=CARTESIAN_POINT('',(0.0752,-0.01403,0.004));
#2642=CARTESIAN_POINT('',(0.0752,-0.0125,0.004));
#2643=CARTESIAN_POINT('',(0.074316465884697,-0.0131552613731144,0.004));
#2644=CARTESIAN_POINT('',(0.074316465884697,-0.0131552613731144,0.004));
#2645=CARTESIAN_POINT('',(0.0752,-0.0125,0.004));
#2646=CARTESIAN_POINT('',(0.0737448835300684,-0.0129727960013937,0.004));
#2647=CARTESIAN_POINT('',(0.0741000529140963,-0.0124892107362653,0.004));
#2648=CARTESIAN_POINT('',(0.0741000529140963,-0.0124892107362653,0.004));
#2649=CARTESIAN_POINT('',(0.0737448835300684,-0.0129727960013937,0.004));
#2650=CARTESIAN_POINT('',(0.0752,-0.0125,0.004));
#2651=CARTESIAN_POINT('',(0.0743037823444844,-0.0118621960223219,0.004));
#2652=CARTESIAN_POINT('',(0.0743037823444844,-0.0118621960223219,0.004));
#2653=CARTESIAN_POINT('',(0.0752,-0.0125,0.004));
#2654=CARTESIAN_POINT('',(0.0743006885639925,-0.0112622039986063,0.004));
#2655=CARTESIAN_POINT('',(0.0748703588571235,-0.0114505540905206,0.004));
#2656=CARTESIAN_POINT('',(0.0748703588571235,-0.0114505540905206,0.004));
#2657=CARTESIAN_POINT('',(0.0743006885639925,-0.0112622039986063,0.004));
#2658=CARTESIAN_POINT('',(0.0752,-0.0125,0.004));
#2659=CARTESIAN_POINT('',(0.0752,-0.0125,0.004));
#2660=CARTESIAN_POINT('',(0.0752,0.01403,0.004));
#2661=CARTESIAN_POINT('',(0.0752,0.01403,0.004));
#2662=CARTESIAN_POINT('',(0.041,0.,0.004));
#2663=CARTESIAN_POINT('',(0.0749,0.0156,0.004));
#2664=CARTESIAN_POINT('',(0.0794,0.0156,0.004));
#2665=CARTESIAN_POINT('',(0.0794,-7.80625564189563E-18,0.004));
#2666=CARTESIAN_POINT('',(0.0122,-5.20417042793042E-18,0.004));
#2667=CARTESIAN_POINT('',(0.0122,0.0156,0.004));
#2668=CARTESIAN_POINT('',(0.0122,0.0156,0.004));
#2669=CARTESIAN_POINT('',(0.0122,-5.20417042793042E-18,0.004));
#2670=CARTESIAN_POINT('',(0.0097,0.0125,0.004));
#2671=CARTESIAN_POINT('',(0.00934983645796165,0.0135427777777778,0.004));
#2672=CARTESIAN_POINT('',(0.00934983645796165,0.0135427777777778,0.004));
#2673=CARTESIAN_POINT('',(0.0097,0.0125,0.004));
#2674=CARTESIAN_POINT('',(0.00881646588469704,0.0131552613731144,0.004));
#2675=CARTESIAN_POINT('',(0.00881646588469704,0.0131552613731144,0.004));
#2676=CARTESIAN_POINT('',(0.0097,0.01403,0.004));
#2677=CARTESIAN_POINT('',(0.0100501635420383,0.0135427777777778,0.004));
#2678=CARTESIAN_POINT('',(0.0100501635420383,0.0135427777777778,0.004));
#2679=CARTESIAN_POINT('',(0.0097,0.01403,0.004));
#2680=CARTESIAN_POINT('',(0.0097,0.0125,0.004));
#2681=CARTESIAN_POINT('',(0.010583534115303,0.0131552613731144,0.004));
#2682=CARTESIAN_POINT('',(0.010583534115303,0.0131552613731144,0.004));
#2683=CARTESIAN_POINT('',(0.0097,0.0125,0.004));
#2684=CARTESIAN_POINT('',(0.0111551164699316,0.0129727960013937,0.004));
#2685=CARTESIAN_POINT('',(0.0107999470859037,0.0124892107362653,0.004));
#2686=CARTESIAN_POINT('',(0.0107999470859037,0.0124892107362653,0.004));
#2687=CARTESIAN_POINT('',(0.0111551164699316,0.0129727960013937,0.004));
#2688=CARTESIAN_POINT('',(0.0097,0.0125,0.004));
#2689=CARTESIAN_POINT('',(0.0105962176555156,0.0118621960223219,0.004));
#2690=CARTESIAN_POINT('',(0.0105962176555156,0.0118621960223219,0.004));
#2691=CARTESIAN_POINT('',(0.0097,0.0125,0.004));
#2692=CARTESIAN_POINT('',(0.0105993114360075,0.0112622039986063,0.004));
#2693=CARTESIAN_POINT('',(0.0100296411428765,0.0114505540905206,0.004));
#2694=CARTESIAN_POINT('',(0.0100296411428765,0.0114505540905206,0.004));
#2695=CARTESIAN_POINT('',(0.0105993114360075,0.0112622039986063,0.004));
#2696=CARTESIAN_POINT('',(0.0097,0.0125,0.004));
#2697=CARTESIAN_POINT('',(0.00937035885712347,0.0114505540905206,0.004));
#2698=CARTESIAN_POINT('',(0.00937035885712347,0.0114505540905206,0.004));
#2699=CARTESIAN_POINT('',(0.0097,0.0125,0.004));
#2700=CARTESIAN_POINT('',(0.00880068856399253,0.0112622039986063,0.004));
#2701=CARTESIAN_POINT('',(0.00880378234448437,0.0118621960223219,0.004));
#2702=CARTESIAN_POINT('',(0.00880378234448437,0.0118621960223219,0.004));
#2703=CARTESIAN_POINT('',(0.00880068856399253,0.0112622039986063,0.004));
#2704=CARTESIAN_POINT('',(0.0097,0.0125,0.004));
#2705=CARTESIAN_POINT('',(0.0086000529140963,0.0124892107362653,0.004));
#2706=CARTESIAN_POINT('',(0.0086000529140963,0.0124892107362653,0.004));
#2707=CARTESIAN_POINT('',(0.0097,0.0125,0.004));
#2708=CARTESIAN_POINT('',(0.,-8.67361737988404E-19,0.004));
#2709=CARTESIAN_POINT('',(0.,-8.67361737988404E-19,0.001));
#2710=CARTESIAN_POINT('',(0.,0.0162,0.001));
#2711=CARTESIAN_POINT('',(0.,-0.0162,0.001));
#2712=CARTESIAN_POINT('',(0.,-0.0162,0.004));
#2713=CARTESIAN_POINT('',(8.67361737988404E-19,-0.0052,0.014202));
#2714=CARTESIAN_POINT('',(8.67361737988404E-19,-0.0052,0.004));
#2715=CARTESIAN_POINT('',(0.,-8.67361737988404E-19,0.004));
#2716=CARTESIAN_POINT('',(0.,0.0052,0.004));
#2717=CARTESIAN_POINT('',(0.,0.0052,0.014202));
#2718=CARTESIAN_POINT('',(0.,0.0052,0.0142));
#2719=CARTESIAN_POINT('',(0.,0.0112,0.0142));
#2720=CARTESIAN_POINT('',(0.,0.0162,0.0142));
#2721=CARTESIAN_POINT('',(0.,0.0162,0.));
#2722=CARTESIAN_POINT('',(0.00824488353006841,0.0129727960013937,0.004));
#2723=CARTESIAN_POINT('',(0.00824488353006841,0.0129727960013937,0.004));
#2724=CARTESIAN_POINT('',(0.041,0.,0.004));
#2725=CARTESIAN_POINT('',(0.0031,0.0052,0.004));
#2726=CARTESIAN_POINT('',(0.0062,0.0052,0.004));
#2727=CARTESIAN_POINT('',(0.0031,-0.0052,0.004));
#2728=CARTESIAN_POINT('',(0.0062,-0.0052,0.004));
#2729=CARTESIAN_POINT('',(0.0062,-0.0104,0.004));
#2730=CARTESIAN_POINT('',(0.0092,0.0156,0.004));
#2731=CARTESIAN_POINT('',(0.0062,0.0156,0.004));
#2732=CARTESIAN_POINT('',(0.0062,0.0104,0.004));
#2733=CARTESIAN_POINT('',(0.0794,-7.80625564189563E-18,0.014202));
#2734=CARTESIAN_POINT('',(0.0794,-0.003,0.014202));
#2735=CARTESIAN_POINT('',(0.0794,-0.003,0.0088));
#2736=CARTESIAN_POINT('',(0.0794,0.,0.0088));
#2737=CARTESIAN_POINT('',(0.0794,0.003,0.0088));
#2738=CARTESIAN_POINT('',(0.0794,0.003,0.014202));
#2739=CARTESIAN_POINT('',(0.0794,0.003,0.0142));
#2740=CARTESIAN_POINT('',(0.0794,-7.80625564189563E-18,0.0142));
#2741=CARTESIAN_POINT('',(0.0794,0.004,0.0142));
#2742=CARTESIAN_POINT('',(0.0794,0.004,0.01345));
#2743=CARTESIAN_POINT('',(0.0794,0.004,0.0127));
#2744=CARTESIAN_POINT('',(0.0794,0.015602,0.0127));
#2745=CARTESIAN_POINT('',(0.0794,0.0156,0.0127));
#2746=CARTESIAN_POINT('',(0.0794,0.0156,0.014202));
#2747=CARTESIAN_POINT('',(0.0794,-0.015602,0.0127));
#2748=CARTESIAN_POINT('',(0.0794,-0.004,0.0127));
#2749=CARTESIAN_POINT('',(0.0794,-0.004,0.01345));
#2750=CARTESIAN_POINT('',(0.0413,0.0156,0.014202));
#2751=CARTESIAN_POINT('',(0.07865,0.0156,0.01345));
#2752=CARTESIAN_POINT('',(0.0779,0.0156,0.0142));
#2753=CARTESIAN_POINT('',(0.0413,0.0156,0.0142));
#2754=CARTESIAN_POINT('',(0.0062,0.0156,0.0142));
#2755=CARTESIAN_POINT('',(0.0062,0.0156,0.014202));
#2756=CARTESIAN_POINT('',(0.0062,-0.0104,0.014202));
#2757=CARTESIAN_POINT('',(0.0062,-0.0052,0.014202));
#2758=CARTESIAN_POINT('',(0.0031,-0.0052,0.014202));
#2759=CARTESIAN_POINT('',(0.041,-0.0172,0.014202));
#2760=CARTESIAN_POINT('',(0.041,-0.0172,0.001));
#2761=CARTESIAN_POINT('',(0.001,-0.0172,0.001));
#2762=CARTESIAN_POINT('',(0.081,-0.0172,0.001));
#2763=CARTESIAN_POINT('',(0.081,-0.0172,0.0142));
#2764=CARTESIAN_POINT('',(0.001,-0.0172,0.014202));
#2765=CARTESIAN_POINT('',(0.082,0.,0.014202));
#2766=CARTESIAN_POINT('',(0.082,-0.003,0.014202));
#2767=CARTESIAN_POINT('',(0.082,-0.003,0.0088));
#2768=CARTESIAN_POINT('',(0.082,-0.0162,0.));
#2769=CARTESIAN_POINT('',(0.082,-0.0162,0.001));
#2770=CARTESIAN_POINT('',(0.082,0.0172,0.001));
#2771=CARTESIAN_POINT('',(0.082,0.0162,0.001));
#2772=CARTESIAN_POINT('',(0.082,0.0162,0.014202));
#2773=CARTESIAN_POINT('',(0.082,0.0162,0.0142));
#2774=CARTESIAN_POINT('',(0.082,0.,0.0142));
#2775=CARTESIAN_POINT('',(0.082,0.003,0.0142));
#2776=CARTESIAN_POINT('',(0.082,0.003,0.014202));
#2777=CARTESIAN_POINT('',(0.082,0.003,0.0088));
#2778=CARTESIAN_POINT('',(0.082,0.,0.0088));
#2779=CARTESIAN_POINT('',(0.041,0.0172,0.014202));
#2780=CARTESIAN_POINT('',(0.041,0.0172,0.0142));
#2781=CARTESIAN_POINT('',(0.001,0.0172,0.0142));
#2782=CARTESIAN_POINT('',(0.081,0.0172,0.0142));
#2783=CARTESIAN_POINT('',(0.081,0.0172,0.014202));
#2784=CARTESIAN_POINT('',(0.081,0.0172,0.001));
#2785=CARTESIAN_POINT('',(0.,0.0172,0.001));
#2786=CARTESIAN_POINT('',(0.001,0.0172,0.001));
#2787=CARTESIAN_POINT('',(0.001,0.0172,0.0142));
#2788=CARTESIAN_POINT('',(0.0036,0.01453,0.014202));
#2789=CARTESIAN_POINT('',(0.0036,0.01453,0.0142));
#2790=CARTESIAN_POINT('',(0.00324983645796166,0.0140427777777778,0.0142));
#2791=CARTESIAN_POINT('',(0.00395016354203835,0.0140427777777778,0.0142));
#2792=CARTESIAN_POINT('',(0.00324983645796166,0.0140427777777778,0.014202));
#2793=CARTESIAN_POINT('',(0.00395016354203835,0.0140427777777778,0.014202));
#2794=CARTESIAN_POINT('',(0.0036,0.013,0.014202));
#2795=CARTESIAN_POINT('',(0.00448353411530297,0.0136552613731144,0.014202));
#2796=CARTESIAN_POINT('',(0.00448353411530297,0.0136552613731144,0.0142));
#2797=CARTESIAN_POINT('',(0.0036,0.013,0.0142));
#2798=CARTESIAN_POINT('',(0.00505511646993159,0.0134727960013937,0.014202));
#2799=CARTESIAN_POINT('',(0.00505511646993159,0.0134727960013937,0.0142));
#2800=CARTESIAN_POINT('',(0.00469994708590371,0.0129892107362653,0.0142));
#2801=CARTESIAN_POINT('',(0.00469994708590371,0.0129892107362653,0.014202));
#2802=CARTESIAN_POINT('',(0.0036,0.013,0.014202));
#2803=CARTESIAN_POINT('',(0.00449621765551564,0.0123621960223219,0.014202));
#2804=CARTESIAN_POINT('',(0.00449621765551564,0.0123621960223219,0.0142));
#2805=CARTESIAN_POINT('',(0.0036,0.013,0.0142));
#2806=CARTESIAN_POINT('',(0.00449931143600747,0.0117622039986063,0.014202));
#2807=CARTESIAN_POINT('',(0.00449931143600747,0.0117622039986063,0.0142));
#2808=CARTESIAN_POINT('',(0.00392964114287654,0.0119505540905206,0.0142));
#2809=CARTESIAN_POINT('',(0.00392964114287654,0.0119505540905206,0.014202));
#2810=CARTESIAN_POINT('',(0.0036,0.013,0.014202));
#2811=CARTESIAN_POINT('',(0.00327035885712347,0.0119505540905206,0.014202));
#2812=CARTESIAN_POINT('',(0.00327035885712347,0.0119505540905206,0.0142));
#2813=CARTESIAN_POINT('',(0.0036,0.013,0.0142));
#2814=CARTESIAN_POINT('',(0.00270068856399254,0.0117622039986063,0.014202));
#2815=CARTESIAN_POINT('',(0.00270068856399254,0.0117622039986063,0.0142));
#2816=CARTESIAN_POINT('',(0.00270378234448436,0.0123621960223219,0.0142));
#2817=CARTESIAN_POINT('',(0.00270378234448436,0.0123621960223219,0.014202));
#2818=CARTESIAN_POINT('',(0.0036,-0.013,0.014202));
#2819=CARTESIAN_POINT('',(0.00327035885712347,-0.0119505540905206,0.014202));
#2820=CARTESIAN_POINT('',(0.00392964114287655,-0.0119505540905206,0.014202));
#2821=CARTESIAN_POINT('',(0.00449931143600747,-0.0117622039986063,0.014202));
#2822=CARTESIAN_POINT('',(0.00449621765551564,-0.0123621960223219,0.014202));
#2823=CARTESIAN_POINT('',(0.0036,-0.013,0.014202));
#2824=CARTESIAN_POINT('',(0.00469994708590371,-0.0129892107362653,0.014202));
#2825=CARTESIAN_POINT('',(0.00505511646993159,-0.0134727960013937,0.014202));
#2826=CARTESIAN_POINT('',(0.00448353411530297,-0.0136552613731144,0.014202));
#2827=CARTESIAN_POINT('',(0.0036,-0.013,0.014202));
#2828=CARTESIAN_POINT('',(0.00395016354203835,-0.0140427777777778,0.014202));
#2829=CARTESIAN_POINT('',(0.0036,-0.01453,0.014202));
#2830=CARTESIAN_POINT('',(0.00324983645796166,-0.0140427777777778,0.014202));
#2831=CARTESIAN_POINT('',(0.0036,-0.013,0.014202));
#2832=CARTESIAN_POINT('',(0.00271646588469703,-0.0136552613731144,0.014202));
#2833=CARTESIAN_POINT('',(0.0036,0.013,0.014202));
#2834=CARTESIAN_POINT('',(0.0036,0.013,0.0142));
#2835=CARTESIAN_POINT('',(0.00271646588469703,0.0136552613731144,0.0142));
#2836=CARTESIAN_POINT('',(0.00271646588469703,0.0136552613731144,0.014202));
#2837=CARTESIAN_POINT('',(0.00270068856399254,-0.0117622039986063,0.014202));
#2838=CARTESIAN_POINT('',(0.00270378234448436,-0.0123621960223219,0.014202));
#2839=CARTESIAN_POINT('',(0.0031,0.0052,0.014202));
#2840=CARTESIAN_POINT('',(0.0062,0.0052,0.014202));
#2841=CARTESIAN_POINT('',(0.0062,0.0052,0.0142));
#2842=CARTESIAN_POINT('',(0.0031,0.0052,0.0142));
#2843=CARTESIAN_POINT('',(0.0062,0.0104,0.014202));
#2844=CARTESIAN_POINT('',(0.0062,0.0104,0.0142));
#2845=CARTESIAN_POINT('',(0.00214488353006841,-0.0134727960013937,0.014202));
#2846=CARTESIAN_POINT('',(0.00250005291409629,-0.0129892107362653,0.014202));
#2847=CARTESIAN_POINT('',(0.0036,-0.013,0.014202));
#2848=CARTESIAN_POINT('',(0.0036,0.013,0.014202));
#2849=CARTESIAN_POINT('',(0.00250005291409629,0.0129892107362653,0.014202));
#2850=CARTESIAN_POINT('',(0.00250005291409629,0.0129892107362653,0.0142));
#2851=CARTESIAN_POINT('',(0.0036,0.013,0.0142));
#2852=CARTESIAN_POINT('',(0.00214488353006841,0.0134727960013937,0.014202));
#2853=CARTESIAN_POINT('',(0.00214488353006841,0.0134727960013937,0.0142));
#2854=CARTESIAN_POINT('',(0.,0.,0.0142));
#2855=CARTESIAN_POINT('',(0.0900599861188218,0.003,0.0142));
#2856=CARTESIAN_POINT('',(0.0491,0.0491,0.0142));
#2857=CARTESIAN_POINT('',(-0.0081,0.0081,0.0142));
#2858=CARTESIAN_POINT('',(0.0779,0.015602,0.0142));
#2859=CARTESIAN_POINT('',(0.0779,0.004,0.0142));
#2860=CARTESIAN_POINT('',(0.07865,0.004,0.0142));
#2861=CARTESIAN_POINT('',(0.081,0.0172,0.014202));
#2862=CARTESIAN_POINT('',(0.082,0.0162,0.001));
#2863=CARTESIAN_POINT('',(0.082,-0.0162,0.014202));
#2864=CARTESIAN_POINT('',(0.0815,-0.0167,0.001));
#2865=CARTESIAN_POINT('',(0.081,0.,0.));
#2866=CARTESIAN_POINT('',(0.082,0.0162,0.001));
#2867=CARTESIAN_POINT('',(0.081,-0.0162,0.));
#2868=CARTESIAN_POINT('',(0.082,0.0162,0.001));
#2869=CARTESIAN_POINT('',(0.081,0.0167,0.0005));
#2870=CARTESIAN_POINT('',(0.081,-0.0162,0.));
#2871=CARTESIAN_POINT('',(0.081,-0.0162,0.));
#2872=CARTESIAN_POINT('',(0.041,0.0162,0.));
#2873=CARTESIAN_POINT('',(0.001,0.0162,0.));
#2874=CARTESIAN_POINT('',(0.,0.0162,0.004));
#2875=CARTESIAN_POINT('',(0.0005,0.0167,0.001));
#2876=CARTESIAN_POINT('',(0.001,-0.0172,0.014202));
#2877=CARTESIAN_POINT('',(0.,-0.0162,0.001));
#2878=CARTESIAN_POINT('',(0.041,-0.0172,0.001));
#2879=CARTESIAN_POINT('',(0.001,-0.0167,0.0005));
#2880=CARTESIAN_POINT('',(0.001,0.0162,0.));
#2881=CARTESIAN_POINT('',(0.001,0.0162,0.));
#2882=CARTESIAN_POINT('',(0.,-0.0162,0.001));
#2883=CARTESIAN_POINT('',(0.,-0.0162,0.001));
#2884=CARTESIAN_POINT('',(0.,-8.67361737988404E-19,0.001));
#2885=CARTESIAN_POINT('',(0.07865,-0.004,0.01345));
#2886=CARTESIAN_POINT('',(0.07865,-0.004,0.01345));
#2887=CARTESIAN_POINT('',(0.07865,-0.015602,0.01345));
#2888=CARTESIAN_POINT('',(0.07865,0.015602,0.01345));
#2889=CARTESIAN_POINT('',(0.07865,0.004,0.01345));
#2890=CARTESIAN_POINT('',(0.07865,0.004,0.01345));
#2891=CARTESIAN_POINT('',(0.0900599861188218,-0.003,0.0115));
#2892=CARTESIAN_POINT('',(0.0900599861188218,-0.003,0.0088));
#2893=CARTESIAN_POINT('',(0.0900599861188218,0.,0.0088));
#2894=CARTESIAN_POINT('',(0.0900599861188218,0.003,0.0088));
#2895=CARTESIAN_POINT('',(0.0900599861188218,0.003,0.0115));
#2896=MECHANICAL_DESIGN_GEOMETRIC_PRESENTATION_REPRESENTATION('',(#1673),
#2897);
#2897=(
GEOMETRIC_REPRESENTATION_CONTEXT(3)
GLOBAL_UNCERTAINTY_ASSIGNED_CONTEXT((#2898))
GLOBAL_UNIT_ASSIGNED_CONTEXT((#2901,#2900,#2899))
REPRESENTATION_CONTEXT('Body','TOP_LEVEL_ASSEMBLY_PART')
);
#2898=UNCERTAINTY_MEASURE_WITH_UNIT(LENGTH_MEASURE(1.E-8),#2901,
'DISTANCE_ACCURACY_VALUE','Maximum Tolerance applied to model');
#2899=(
NAMED_UNIT(*)
SI_UNIT($,.STERADIAN.)
SOLID_ANGLE_UNIT()
);
#2900=(
NAMED_UNIT(*)
PLANE_ANGLE_UNIT()
SI_UNIT($,.RADIAN.)
);
#2901=(
LENGTH_UNIT()
NAMED_UNIT(*)
SI_UNIT($,.METRE.)
);
#2902=PRODUCT_DEFINITION_SHAPE('','',#2903);
#2903=PRODUCT_DEFINITION('','',#2905,#2904);
#2904=PRODUCT_DEFINITION_CONTEXT('',#2911,'design');
#2905=PRODUCT_DEFINITION_FORMATION_WITH_SPECIFIED_SOURCE('','',#2907,
 .NOT_KNOWN.);
#2906=PRODUCT_RELATED_PRODUCT_CATEGORY('','',(#2907));
#2907=PRODUCT('Body','Body','Body',(#2909));
#2908=PRODUCT_CATEGORY('','');
#2909=PRODUCT_CONTEXT('',#2911,'mechanical');
#2910=APPLICATION_PROTOCOL_DEFINITION('international standard',
'ap242_managed_model_based_3d_engineering',2020,#2911);
#2911=APPLICATION_CONTEXT('managed model based 3d engineering');
ENDSEC;
END-ISO-10303-21;
